Ref ID,Record Last Updated (dd/mm/yyyy),Operator (or Applicant),Site Name,Technology-Type,Installed Capacity (MWelec),CHP Enabled,Turbine Capacity (MW),No. of Turbines,Height of Turbines (m),Mounting Type for Solar,Development Status,Development Status (short),Address,County,Region,Country,X-coordinate,Y-coordinate,Planning Authority,Planning Application Reference,Appeal Reference,Secretary of State Reference,Type of Secretary of State Intervention,Judicial Review,Offshore Wind Round,Planning Application Submitted,Planning Application Withdrawn,Planning Permission Refused,Appeal Lodged,Appeal Withdrawn,Appeal Refused,Appeal Granted,Planning Permission Granted,Secretary of State - Intervened,Secretary of State - Refusal,Secretary of State - Granted,Planning Permission Expired,Under Construction,Operational,lat,lng
1,07/07/2009,RWE npower,Aberthaw Power Station Biomass,Biomass (co-firing),35,No,n/a,n/a,n/a,n/a,Operational,Operational,"Aberthaw Power Station, The Leys, Aberthaw Barry, Vale of Glamorgan",South Glamorgan,Wales,Wales,302219.00,166320.00,Vale of Glamorgan Council,04/00580/FUL,,,,,,16/04/2004,,,,,,,03/09/2004,,,,,01/05/2006,01/05/2007,51.387471,-3.4066095
57,29/06/2011,"Western Bioenergy, affiliate of Western Log",Western Wood Energy Plant,Biomass (dedicated),14,Yes,n/a,n/a,n/a,n/a,Operational,Operational,"Longlands Lane, Margam, nr junction 38 of the M4.",West Glamorgan,Wales,Wales,277930.00,186880.00,Neath Port Talbot County Borough Council,P2004/0035,,,,,,09/01/2004,,,,,,,27/04/2004,,,,,01/11/2006,01/11/2009,51.56754,-3.7626211
113,27/01/2017,Glennmont Partners,Margam Green Energy Plant,Biomass (dedicated),40,No,n/a,n/a,n/a,n/a,Under Construction,Under Construction,"Longlands Lane, Margam, Port Talbot",West Glamorgan,Wales,Wales,278940.00,186385.00,Neath Port Talbot County Borough Council,P2008/1409,APP/Y6930/A/10/2135473/WF,,,,,13/11/2008,,16/03/2010,,,,08/03/2011,08/03/2011,,,,,15/02/2015,,51.563309,-3.7478855
120,26/04/2017,Enviroparks Operations,Enviroparks Hirwaun Generation Site,Advanced Conversion Technologies,20,No,n/a,n/a,n/a,n/a,Under Construction,Under Construction,"Fifth Avenue, Hirwaun Industrial Estate, Hirwaun, Aberdare, Mid-Glamorgan ",Powys,Wales,Wales,293857.00,206832.00,Brecon Beacons National Park Authority,08/02488/FUL,,,,,,19/12/2008,,,,,,,21/12/2010,,,,,18/02/2016,,51.750094,-3.5389867
141,21/06/2017,Orthios Group ,Port Talbot Renewable Energy Plant,Biomass (dedicated),350,Yes,n/a,n/a,n/a,n/a,Planning Permission Granted,Awaiting Construction,Port Talbot,West Glamorgan,Wales,Wales,276305.00,189045.00,DECC (S36),n/a,,,,,,23/10/2006,,,,,,,21/11/2007,,,,,,,51.586642,-3.7868176
159,28/03/2017,Morgan Credit Energy,Llynfi Biomass Power Station,Biomass (dedicated),25,Yes,n/a,n/a,n/a,n/a,Planning Permission Granted,Awaiting Construction,4km south of Maesteg and 6km north of Bridgend,Mid Glamorgan,Wales,Wales,288375.00,186946.00,Bridgend County Borough Council,P/11/21/FUL,,,,,,14/01/2011,,,,,,,08/05/2015,,,,08/05/2020,,,51.570299,-3.6120088
169,21/02/2017,Warwick International Ltd,Warwick International Biomass CHP,Biomass (dedicated),8.5,Yes,n/a,n/a,n/a,n/a,Planning Permission Granted,Awaiting Construction,"Coast Rd, Holywell, Mostyn ",Clwyd,Wales,Wales,316158.00,380495.00,Flintshire County Council,51924,,,,,,01/04/2014,,,,,,,28/07/2014,,,,,,,53.314724,-3.2599387
188,21/06/2017,Renewables Developments Wales,Trecwn Biomass Plant,Biomass (dedicated),25,Yes,n/a,n/a,n/a,n/a,Planning Permission Granted,Awaiting Construction,former Royal Naval Armament Depot in Trecwn,Dyfed,Wales,Wales,197995.00,232045.00,Pembrokeshire County Council,14/0300/PA,,,,,,01/07/2014,,,,,,,14/04/2015,,,,14/04/2020,,,51.950118,-4.9408771
191,21/06/2017,Orthios Group ,Anglesey Biomass Power Station,Biomass (dedicated),299,Yes,n/a,n/a,n/a,n/a,Planning Permission Granted,Awaiting Construction,"Anglesey Aluminium Metal Renewables Ltd, Penrhos Works, Near Holyhead, Anglesey",Gwynedd,Wales,Wales,225594.00,381320.00,DECC (S36),S36,,,,,,20/10/2009,,,,,,,16/09/2011,,,,,,,53.300043,-4.6186152
261,03/05/2017,Ancala Bioenergy (formerly Biogen),Bryn Pica AD / Tomorrow's Valley (Waste AD) - resubmission,Anaerobic Digestion,1,No,n/a,n/a,n/a,n/a,Operational,Operational,"Bryn Pica Landfill and Recycling, Merthyr Road, Llwdcoed, Aberdare",Mid Glamorgan,Wales,Wales,300938.00,205377.00,Rhondda Cynon Taff County Borough Council,13/0880/10,,,,,,23/08/2013,,,,,,,07/10/2013,,,,,01/04/2014,15/09/2015,51.738314,-3.4360326
276,26/01/2017,Vale Europe,Clydach Refinery,Advanced Conversion Technologies,10.3,Yes,n/a,n/a,n/a,n/a,Planning Permission Granted,Awaiting Construction,"Clydach Refinery, Ynys Penllwch Road, Clydach, Swansea ",Swansea,Wales,Wales,269551.00,201355.00,City and County Council of Swansea,2012/0452,,,,,,27/03/2012,,,,,,,09/10/2012,,,,,,,51.69574,-3.8888425
318,03/05/2017,Ancala Bioenergy (formerly Biogen),Waen Biogas (Waste AD),Anaerobic Digestion,1,Yes,n/a,n/a,n/a,n/a,Operational,Operational,"Former Abattoir, Holywell Road, Rhuallt, St Asaph, Denbighshire, LL17 0DS",Clwyd,Wales,Wales,304959.00,374970.00,Denbighshire County Council,47/2012/1120,,,,,,20/08/2012,,,,,,,21/11/2012,,,,,01/06/2013,04/08/2014,53.263183,-3.426328
363,23/03/2017,Green Energy (South Wales),Maesgwyn Anaerobic Digestion Facility (Waste AD),Anaerobic Digestion,1,No,n/a,n/a,n/a,n/a,Planning Permission Granted,Awaiting Construction,Former Coal Stocking Ground Maesgwyn Glynneath,West Glamorgan,Wales,Wales,286587.00,208584.00,Neath Port Talbot County Borough Council,P2012/0092,,,,,,20/02/2012,,,,,,,30/07/2014,,,,30/07/2019,,,51.764414,-3.6448267
415,15/07/2009,Dwr Cymru Welsh Water,Llyn Brianne Dam,Small Hydro,4.4,n/a,n/a,n/a,n/a,n/a,Operational,Operational,"Llyn Brianne Hydro Electric Power StationLand adjacent to existing Regulator HouseLlyn Brianne DamDyfed",Dyfed,Wales,Wales,278920.00,248360.00,Ceredigion County Council,,,,,,,08/02/1994,,,,,,,27/05/1994,,,,,,01/02/1997,52.120255,-3.7698896
416,08/03/2010,Dwr Cymru Welsh Water,Elan Valley Hydro Scheme,Small Hydro,2.9,n/a,n/a,n/a,n/a,n/a,Operational,Operational,Elan Valley Reservoir Near Rhayader Powys,Powys,Wales,Wales,290000.00,267500.00,Powys County Council,,,,,,,16/02/1994,,,,,,,30/05/1996,,,,,,01/05/1997,52.29458,-3.6143542
543,15/07/2009,Waste Recycling Group,Pen y Bont,Landfill Gas,2.3,No,n/a,n/a,n/a,n/a,Operational,Operational,"Chirk, Wrexham, Clwyd",Clwyd,Wales,Wales,329200.00,341600.00,Wrexham County Borough Council,P20020261,,,,,,12/03/2002,,,,,,,08/07/2002,,,,,,02/01/2003,52.967066,-3.0556093
544,15/07/2009,Waste Recycling Group,Ruabon,Landfill Gas,2.1,No,n/a,n/a,n/a,n/a,Operational,Operational,"Gardden Lodge Landfill Site, Tatham Road, Ruabon, Wrexham, Clwyd",Clwyd,Wales,Wales,330000.00,345000.00,Wrexham County Borough Council,,,,,,,29/11/1999,,05/12/2000,,,,,,,,,,,15/07/2001,52.99773,-3.044437
552,15/07/2009,Waste Recycling Group,Llandulas Landfill Scheme,Landfill Gas,2.9,No,n/a,n/a,n/a,n/a,Operational,Operational,"Llandulas, Abergele, Clwyd",Clwyd,Wales,Wales,291000.00,378500.00,Conwy County Borough Council,,,,,,,14/11/1997,,,,,,,19/03/1998,,,,,,19/07/1999,53.292214,-3.6367276
601,15/07/2009,NOVERA,Silent Valley Landfill Scheme,Landfill Gas,2.7,No,n/a,n/a,n/a,n/a,Operational,Operational,"Silent Valley Landfill Site, Waunlwyd Ebbw Vale",Gwent,Wales,Wales,318500.00,207000.00,Blaenau Gwent County Borough Council,,,,,,,08/03/1994,,,,,,,14/04/1994,,,,,,11/03/2006,51.755737,-3.1821425
602,04/10/2004,Neath Port Talbot Waste Management Co Ltd,Briton Ferry,Landfill Gas,2,No,n/a,n/a,n/a,n/a,Operational,Operational,"Giants Grave Road, Briton Ferry, Neath, West Glamorgan",West Glamorgan,Wales,Wales,273400.00,195300.00,Neath Port Talbot County Borough Council,961021,,,,,,18/04/1996,,,,,,,05/06/1996,,,,,,01/09/2004,51.642208,-3.8309872
603,30/06/2009,,Withyhedge Generation Plant,Landfill Gas,2.4,No,n/a,n/a,n/a,n/a,Operational,Operational,"Bowling Farm, Rudbaxton, Haverfordwest, Pembroke, Dyfed",Dyfed,Wales,Wales,196800.00,221800.00,Pembrokeshire County Council,Possibly 99/718,,,,,,06/12/1999,,,,,,,07/03/2000,,,,,01/05/2006,01/09/2007,51.857694,-4.9521989
604,09/12/2003,Renewable Power Generation Ltd,Tythegston Landfill Site,Landfill Gas,1.2,No,n/a,n/a,n/a,n/a,Operational,Operational,"Tythegston Landfill SiteTythegston Mid Glamorgan",Mid Glamorgan,Wales,Wales,285100.00,178800.00,Bridgend County Borough Council,,,,,,,01/07/1997,,,,,,,04/09/1997,,,,,,01/10/1998,51.496427,-3.6565814
605,15/07/2009,Natural Power,Briton / Neath,Landfill Gas,2.2,No,n/a,n/a,n/a,n/a,Operational,Operational,"Neath Landfill, Giant Grave Road, West Glamorgan",West Glamorgan,Wales,Wales,273300.00,195400.00,Neath Port Talbot County Borough Council,,,,,,,26/04/2000,,,,,,,06/06/2000,,,,,,01/06/2004,51.643084,-3.8324678
606,15/07/2009,South Wales Power Ltd,Lamby Way Landfill Site,Landfill Gas,4,No,n/a,n/a,n/a,n/a,Operational,Operational,Lamby Way  Cardiff,South Glamorgan,Wales,Wales,322200.00,178300.00,Cardiff Council,,,,,,,12/08/1997,,,,,,,03/10/1998,,,,,,27/11/1998,51.498264,-3.1221643
607,15/07/2009,NOVERA,Nant y Caws Landfill Site,Landfill Gas,1.4,No,n/a,n/a,n/a,n/a,Operational,Operational,"Nant y Caws Landfill Site, Carmarthenshire",Dyfed,Wales,Wales,247200.00,217700.00,Carmarthenshire County Council,,,,,,,27/05/1999,,,,,,,15/09/1999,,,,,,01/12/2001,51.836946,-4.2191869
665,30/04/2010,NOVERA,Brynpica Landfill Site,Landfill Gas,2.7,No,n/a,n/a,n/a,n/a,Operational,Operational,Brynpica Landfill Site,Mid Glamorgan,Wales,Wales,297500.00,196500.00,Rhondda Cynon Taff County Borough Council,03/0026,,,,,,09/01/2003,,,,,,,20/03/2003,,,,,,01/08/2003,51.657908,-3.4831929
756,15/07/2009,Renewable Power Systems,Docksway Landfill Scheme,Landfill Gas,2,No,n/a,n/a,n/a,n/a,Operational,Operational,Newport,Gwent,Wales,Wales,330500.00,185300.00,Newport City Council,99/0337,,,,,,23/03/1999,,,,,,,19/05/1999,,,,,,30/03/2000,51.562277,-3.0040007
768,18/05/2017,Infinis/Novera Energy (TREHIR DEVELOPMENT COMPANY LTD),Trehir Generation Project,Landfill Gas,1.3,No,n/a,n/a,n/a,n/a,Planning Permission Granted,Awaiting Construction,"Caerphilly, Mid Glamorgan",Mid Glamorgan,Wales,Wales,315500.00,189700.00,Caerphilly County Borough Council,10/0213/FULL,,,,,,24/03/2010,,,,,,,19/05/2010,,,,,,,51.599779,-3.2214026
769,10/01/2005,Biffa,Trecatti,Landfill Gas,7,No,n/a,n/a,n/a,n/a,Operational,Operational,"Fochriw Road, Nr Merthyr Tydfil, Mid Glamorgan",Mid Glamorgan,Wales,Wales,311626.00,205713.00,Caerphilly County Borough Council,,,,,,,20/05/1997,,,,,,,24/07/1997,,,,,,30/07/2002,51.743124,-3.281377
802,15/07/2009,Waste Recycling Group,PwllfaWatkin Landfill Gas Site,Landfill Gas,3.2,No,n/a,n/a,n/a,n/a,Operational,Operational,"Pwllfawatkin Landfill SiteRhy Dy FroPontardaweSwanseaWest GlamorganSA8 4RX",West Glamorgan,Wales,Wales,271645.00,205725.00,Neath Port Talbot County Borough Council,P/05/213,,,,,,26/01/2005,,,,,,,11/08/2005,,,,,,01/11/2005,51.735493,-3.8601734
922,07/04/2015,Viridor,Trident Park,EfW Incineration,30,Yes,n/a,n/a,n/a,n/a,Operational,Operational,"Land at Trident Park, Glass Avenue, Cardiff",South Glamorgan,Wales,Wales,320179.00,175481.00,Cardiff Council,10/00149/E,,,,,,01/02/2010,,,,,,,29/06/2010,,,,,30/07/2012,10/03/2015,51.47264,-3.150634
1001,16/12/2016,Wheelabrator,Parc Adfer EfW,EfW Incineration,16,Yes,n/a,n/a,n/a,n/a,Planning Permission Granted,Awaiting Construction,"Shotton Works, Deeside Industrial Park, Deeside",Clwyd,Wales,Wales,331063.00,371586.00,Flintshire County Council,52626,,,,,,22/09/2014,,,,,,,09/06/2015,,,,09/06/2020,,,53.23681,-3.0343222
1055,24/08/2011,Mr G Peters�,Rhosygilwen Solar Farm,Solar Photovoltaics,1,n/a,n/a,n/a,n/a,,Operational,Operational,"Rhoshill, Cardigan",Dyfed,Wales,Wales,220298.00,240670.00,Pembrokeshire County Council,10/0750/PA,,,,,,23/11/2010,,,,,,,06/01/2011,,,,,,09/07/2011,52.035238,-4.6212478
1056,29/05/2012,m03 Power,Llancayo Solar Farm,Solar Photovoltaics,3.9,n/a,n/a,n/a,n/a,,Operational,Operational,"Llancayo Farm, Llancayo, Usk, Gwent",Gwent,Wales,Wales,336790.00,203067.00,Monmouthshire County Council,DC/2011/00196,,,,,,16/04/2011,,,,,,,03/06/2011,,,,,,01/07/2011,51.722746,-2.91649
1161,04/06/2013,Mr Martyn Llewelyn,Ffos Las Racecourse,Solar Photovoltaics,5.5,n/a,n/a,n/a,n/a,,Operational,Operational,"Trimsaran, Kidwelly, Carmarthenshire",Dyfed,Wales,Wales,245478.00,205296.00,Carmarthenshire County Council,S/24039,,,,,,22/11/2010,,,,,,,22/04/2011,,,,,,30/06/2012,51.725032,-4.2386346
1221,22/06/2017,Solar IQ,Cwm Nant Gwyn,Solar Photovoltaics,2.5,n/a,n/a,n/a,n/a,,Planning Permission Granted,Awaiting Construction,"Cegn Ydfa Coytrahen, Bridgend",Mid Glamorgan,Wales,Wales,287395.00,187266.00,Bridgend County Borough Council,P/12/887/FUL,,,,,,19/12/2012,,,,,,,13/02/2013,,,,,,,51.57298,-3.6262456
1244,29/09/2015,Vogt Solar,West Farm (Solar),Solar Photovoltaics,7.7,n/a,n/a,n/a,n/a,,Operational,Operational,"Cosheston, Pembroke Dock",Dyfed,Wales,Wales,199608.00,203981.00,Pembrokeshire County Council,12/0050/PA,,,,,,01/05/2012,,,,,,,28/11/2012,,,,,,28/03/2013,51.698705,-4.9011902
1327,11/08/2016,Juwi Renewable Energies,Blaenporth Solar Farm,Solar Photovoltaics,7,n/a,n/a,n/a,n/a,,Planning Permission Granted,Awaiting Construction,"Blaenporth, Cardigan",Dyfed,Wales,Wales,226464.00,248292.00,Ceredigion County Council,A140370,,,,,,22/05/2014,,,,,,,03/09/2014,,,,03/09/2017,,,52.105662,-4.5353291
1330,30/04/2014,Wessex Solar Energy,Cefn Betingau Farm,Solar Photovoltaics,9,n/a,n/a,n/a,n/a,,Operational,Operational,"Land at Cefn Betingau Farm, Morriston, Swansea ",West Glamorgan,Wales,Wales,266050.00,212400.00,City and County Council of Swansea,2013/0865,,,,,,10/06/2013,,,,,,,28/08/2013,,,,,,31/03/2014,51.794164,-3.9437237
1356,26/03/2013,Lightsource Renewable Energy,Pont Andrew Solar Farm,Solar Photovoltaics,1.5,n/a,n/a,n/a,n/a,,Operational,Operational,"LAND AT FORMER CYNHEIDRE SHAFTS 3 & 4, CYNHEIDRE, LLANELLI",Dyfed,Wales,Wales,252617.00,210675.00,Carmarthenshire County Council,S/24069,,,,,,29/11/2010,,,,,,,22/04/2011,,,,,,31/07/2012,51.775285,-4.137634
1388,14/06/2013,AEE Renewables,Jordanston Solar Farm,Solar Photovoltaics,5,n/a,n/a,n/a,n/a,,Operational,Operational,"St Florence, Tenby, Dyfed",Dyfed,Wales,Wales,206785.00,201103.00,Pembrokeshire County Council,12/0252/PA,,,,,,28/06/2012,,,,,,,26/09/2012,,,,,,28/03/2013,51.675376,-4.7958766
1503,18/05/2015,PS Renewables,Redcourt Farm,Solar Photovoltaics,3.3,n/a,n/a,n/a,n/a,,Operational,Operational,"Redcourt Farm, Llysonnen Road, Carmarthen, Dyfed",Dyfed,Wales,Wales,237904.00,219365.00,Carmarthenshire County Council,W/30060,,,,,,01/05/2014,,,,,,,07/10/2014,,,,07/10/2019,15/01/2015,30/03/2015,51.849281,-4.354773
1520,05/01/2016,Wrexham County Borough Council,Bronwylfa Reservoir,Solar Photovoltaics,3,n/a,n/a,n/a,n/a,,Operational,Operational,"E/o Bronwylfa Reservoir, Aberoer Road, Aberoer, Wrexham, Clwyd, LL14 4LG",Clwyd,Wales,Wales,329049.00,348801.00,Wrexham County Borough Council,P/2014/0263,,,,,,11/04/2014,,,,,,,18/07/2014,,,,18/07/2019,01/01/2015,15/06/2015,53.031766,-3.0594408
1521,18/12/2015,Sybac Solar International GmbH ,Land At Court Farm,Solar Photovoltaics,2.2,n/a,n/a,n/a,n/a,Ground,Operational,Operational,"Court Farm, Treoes, Bridgend, Mid Glamorgan",Vale of Glamorgan,Wales,Wales,294767.00,178755.00,Vale of Glamorgan Council,2015/00026/FUL,,,,,,21/01/2015,,,,,,,05/06/2015,,,,05/06/2020,15/11/2015,16/03/2016,51.497907,-3.5173651
1577,23/09/2016,Heritage Energy,Clearwell Farm - solar,Solar Photovoltaics,2,n/a,n/a,n/a,n/a,,Operational,Operational,"Pentre-poeth Road, Cardiff",Gwent,Wales,Wales,324580.00,185321.00,Newport City Council,11/0339,,,,,,07/04/2011,,,,,,,20/05/2011,,,,,01/09/2014,15/12/2015,51.561704,-3.0893911
1580,14/06/2013,C. DARTNELL,Langstone Court Road Solar Farm,Solar Photovoltaics,2.5,n/a,n/a,n/a,n/a,,Operational,Operational,"Langstone Court Road, Langstone, Newport, Gwent",Gwent,Wales,Wales,336926.00,189507.00,Newport City Council,11/0311,,,,,,25/03/2011,,,,,,,09/11/2011,,,,,,11/01/2013,51.600856,-2.9120697
1597,16/02/2016,Ms Power Projects Ltd,Clawddcam-Mathry Solar Farm,Solar Photovoltaics,7.5,n/a,n/a,n/a,n/a,,Planning Permission Granted,Awaiting Construction,Haverfordwest,Dyfed,Wales,Wales,187717.00,228957.00,Pembrokeshire County Council,12/0162/PA,,,,,,31/05/2012,,,,,,,16/12/2013,,,,,,,51.918566,-5.0883019
1598,22/05/2014,Rudbaxton Solar Park Limited,Rudbaxton Solar Park,Solar Photovoltaics,10.8,n/a,n/a,n/a,n/a,,Operational,Operational,"Withyhedge Landfill Site, RUDBAXTON, Haverfordwest, SA62 4DB",Dyfed,Wales,Wales,196753.00,220959.00,Pembrokeshire County Council,11/1056/PA,,,,,,02/02/2012,,,,,,,27/07/2012,,,,,,08/03/2014,51.850125,-4.9523857
1612,25/10/2012,Wrexham Council,Wrexham Social Housing PV,Solar Photovoltaics,5.4,n/a,n/a,n/a,n/a,,Operational,Operational,Wrexham,Clwyd,Wales,Wales,333726.00,349750.00,Wrexham County Borough Council,,,,,,,,,,,,,,,,,,,01/03/2012,01/08/2012,53.040896,-2.9899065
1623,29/01/2014,Arqiva Ltd,AMBLESTON SOLAR PANELS,Solar Photovoltaics,6,n/a,n/a,n/a,n/a,,Operational,Operational,"Television Transmitter Centre, Ambleston, Haverfordwest, Dyfed, SA61",Dyfed,Wales,Wales,202885.00,226177.00,Pembrokeshire County Council,11/0104/PA,,,,,,16/06/2011,,,,,,,11/08/2011,,,,,24/10/2011,25/01/2012,51.899181,-4.8664566
1634,29/09/2015,Milford Haven Port Authority,Liddeston Ridge Solar Park (Milford Haven),Solar Photovoltaics,5,n/a,n/a,n/a,n/a,,Operational,Operational,"The S/E/O Court Road, Liddeston, Milford Haven, Dyfed",Dyfed,Wales,Wales,189837.00,206570.00,Pembrokeshire County Council,12/0614/PA,,,,,,02/10/2012,,,,,,,24/01/2013,,,,,13/11/2013,31/03/2014,51.718375,-5.0439337
1661,22/12/2015,Lightsource Renewable Energy,Langton Farm Solar park,Solar Photovoltaics,4.4,n/a,n/a,n/a,n/a,,Operational,Operational,"Land west of Langton Farm, Dwrbach, Fishguard, Pembrokeshire",Dyfed,Wales,Wales,194473.00,233813.00,Pembrokeshire County Council,12/1160/PA,,,,,,18/03/2013,,,,,,,19/11/2013,,,,,28/10/2015,03/12/2015,51.964701,-4.9931104
1719,29/09/2015,Munich RE,Caeremlyn Solar Farm,Solar Photovoltaics,18,n/a,n/a,n/a,n/a,,Operational,Operational,"Caermelyn Solar Farm, Land nr Llanlliwe Farm, Hellan Amgoed, Whitland",Dyfed,Wales,Wales,218627.00,217644.00,Carmarthenshire County Council,W/26672,,,,,,31/05/2012,,,,,,,14/01/2013,,,,,12/02/2014,31/03/2014,51.827891,-4.6334384
1746,22/09/2016,3C Energy/Conergy,Manor Farm (Monmouthshire),Solar Photovoltaics,10.5,n/a,n/a,n/a,n/a,,Operational,Operational,"Llanvapley, Monmouthshire",Gwent,Wales,Wales,336338.00,215519.00,Monmouthshire County Council,DC/2013/00006,APP/E6840/A/14/2212987,,,,,07/01/2013,,13/09/2013,04/04/2014,,,24/10/2014,24/10/2014,,,,,18/04/2016,23/06/2016,51.834636,-2.9253203
1765,27/11/2014,Sunsave,Fenton Home Farm,Solar Photovoltaics,31.3,n/a,n/a,n/a,n/a,Ground,Operational,Operational,"Fenton Home Farm, Crundale, Haverfordwest",Dyfed,Wales,Wales,198922.00,217459.00,Pembrokeshire County Council,13/0278/PA,,,,,,02/07/2013,,,,,,,05/12/2013,,,,05/12/2018,04/06/2014,12/09/2014,51.819484,-4.9189035
1774,03/11/2015,Anesco,Oak Cottage,Solar Photovoltaics,4.9,n/a,n/a,n/a,n/a,,Operational,Operational,"Land South of Oak Cottage, Wiston, Haverfordwest, Pembrokeshire, SA62 4PR",Dyfed,Wales,Wales,202911.00,217724.00,Pembrokeshire County Council,13/0916/PA,,,,,,28/01/2014,,,,,,,13/06/2014,,,,,01/07/2015,21/08/2015,51.823285,-4.8612555
1781,02/05/2017,Rockfire Capital ,Pen Y Cae solar farm,Solar Photovoltaics,6.9,n/a,n/a,n/a,n/a,,Operational,Operational,"Pen Y Cae, Saron, Ammanford, Dyfed",Dyfed,Wales,Wales,260143.00,211806.00,Carmarthenshire County Council,E/28086,,,,,,18/04/2013,,,,,,,19/09/2013,,,,,03/11/2014,26/03/2015,51.78738,-4.0290808
1787,01/07/2016,Mohammed Khaliq,Seaview Farm,Solar Photovoltaics,1.7,n/a,n/a,n/a,n/a,,Operational,Operational,"Seaview Farm, Pyle Road, Porthcawl",Mid Glamorgan,Wales,Wales,282372.00,178754.00,Bridgend County Borough Council,P/14/148/FUL,,,,,,05/03/2014,,,,,,,11/06/2014,,,,11/06/2017,01/05/2016,30/03/2016,51.495452,-3.6958459
1823,29/10/2014,Lightsource Renewable Energy,Sutton Mawr Farm,Solar Photovoltaics,7.5,n/a,n/a,n/a,n/a,,Operational,Operational,"Sutton Mawr Farm, Barry, South Glamorgan",South Glamorgan,Wales,Wales,307823.00,169675.00,Vale of Glamorgan Council,2013/00617/FUL,,,,,,02/07/2013,,,,,,,17/01/2014,,,,,,04/03/2014,51.418568,-3.3269706
1827,16/06/2015,Next Energy Solar Fund,Llwyn Du Solar Farm,Solar Photovoltaics,8,n/a,n/a,n/a,n/a,,Operational,Operational,"Llwyn Ddu, Blaenporth, Cardigan",Dyfed,Wales,Wales,227279.00,248567.00,Ceredigion County Council,A130555,,,,,,08/07/2013,,,,,,,20/01/2014,,,,,01/09/2014,26/02/2015,52.108387,-4.5235808
1862,26/05/2017,Lightsource Renewable Energy,Morfa Farm,Solar Photovoltaics,2,n/a,n/a,n/a,n/a,,Operational,Operational,"Morfa Farm, Morfa Lane, Llantwit Major, South Glamorgan",Vale of Glamorgan,Wales,Wales,295957.00,170244.00,Vale of Glamorgan Council,2015/00782/FUL,,,,,,15/07/2015,,,,,,,20/11/2015,,,,20/11/2020,18/10/2016,19/12/2016,51.421627,-3.4977216
1877,22/03/2017,Private Landowner,Tylerfedwen Farm Solar Park,Solar Photovoltaics,13.3,n/a,n/a,n/a,n/a,,Planning Permission Granted,Awaiting Construction,"Tylerfedwen Farm, Cwmafan, Port Talbot, West Glamorgan, SA12 9YA",West Glamorgan,Wales,Wales,276557.00,193490.00,Neath Port Talbot County Borough Council,P2013/1087,,,,,,19/12/2013,,,,,,,22/07/2014,,,,,,,51.626644,-3.7847484
1895,03/01/2017,Equitix,Garn Solar Farm,Solar Photovoltaics,7.4,n/a,n/a,n/a,n/a,,Operational,Operational,"The Garn Farm, St. Hilary, Cowbridge, South Glamorgan",South Glamorgan,Wales,Wales,303612.00,173658.00,Vale of Glamorgan Council,2012/01224/FUL,,,,,,16/11/2012,,,,,,,08/02/2013,,,,,,12/05/2014,51.45367,-3.388595
1900,03/02/2016,Canadian Solar,Pant-Y-Moch Farm,Solar Photovoltaics,5,n/a,n/a,n/a,n/a,,Operational,Operational,Pantymoch Farm Penycae Port Talbot,West Glamorgan,Wales,Wales,277876.00,190467.00,Neath Port Talbot County Borough Council,P2014/0567,,,,,,27/06/2014,,,,,,,31/10/2014,,,,31/10/2019,01/11/2015,06/01/2016,51.599764,-3.7646486
1936,01/08/2014,Walters Group,Mynydd Bwllfa solar farm,Solar Photovoltaics,7.5,n/a,n/a,n/a,n/a,,Planning Application Submitted,Application Submitted,"E/O Mynydd Bwllfa Wind Farm, Aberdare, Mid Glamorgan, CF44",Mid Glamorgan,Wales,Wales,296708.00,203386.00,Rhondda Cynon Taff County Borough Council,14/0466/10,,,,,,11/04/2014,,,,,,,,,,,,,,51.719655,-3.4966787
1941,16/02/2017,Novus Solar Developments,Blaen Bowi,Solar Photovoltaics,5.7,n/a,n/a,n/a,n/a,,Planning Permission Granted,Awaiting Construction,"Capel Iwan, Newcastle, Emlyn, Carmarthenshire",Dyfed,Wales,Wales,232248.00,235208.00,Carmarthenshire County Council,W/26003,,,,,,18/01/2012,,,,,,,24/02/2012,,,,,,,51.989921,-4.4445323
1951,26/08/2014,Elgin Energy EsCo,Clawdd Ddu PV,Solar Photovoltaics,13.5,n/a,n/a,n/a,n/a,,Operational,Operational,"Potardulas Road, Tycroes, Swansea",Dyfed,Wales,Wales,259473.00,209981.00,Carmarthenshire County Council,S/27987,,,,,,27/03/2013,,,,,,,07/10/2013,,,,,,26/03/2014,51.770814,-4.0380487
1953,13/04/2015,Anesco,Abergelli Glas Solar Farm,Solar Photovoltaics,9.3,n/a,n/a,n/a,n/a,,Operational,Operational,Land at Abergelli Farm Felindre Swansea,Powys,Wales,Wales,265507.00,202009.00,City and County Council of Swansea,2013/0135,,,,,,18/02/2013,,,,,,,28/05/2013,,,,,01/11/2014,15/03/2015,51.700661,-3.947571
1975,31/05/2017,Good Energy Generation,Brynwhilach solar park,Solar Photovoltaics,12.7,n/a,n/a,n/a,n/a,,Operational,Operational,Land at Brynwhilach Felindre Road Llangyfelach Swansea ,West Glamorgan,Wales,Wales,264728.00,200461.00,City and County Council of Swansea,2014/1022,,,,,,16/07/2014,,,,,,,04/11/2014,,,,,16/01/2017,16/03/2017,51.686564,-3.9582356
1982,11/01/2016,Suncredit UK/ Vogt Solar,Court Colman solar park,Solar Photovoltaics,15,n/a,n/a,n/a,n/a,,Operational,Operational,LAND AT COURT COLMAN PENYFAI BRIDGEND,Mid Glamorgan,Wales,Wales,287791.00,181659.00,Bridgend County Borough Council,P/14/337/FUL,,,,,,13/05/2014,,,,,,,24/12/2014,,,,24/12/2019,01/07/2015,15/11/2015,51.522665,-3.6187438
1985,30/09/2015,Kronos Solar,Cwmcaesingrug Farm,Solar Photovoltaics,10,n/a,n/a,n/a,n/a,,Operational,Operational,Cwmcaesingrug Farm Mynyddislwyn Mountain Road Mynyddislwyn Blackwood NP12 2BG,Mid Glamorgan,Wales,Wales,319137.00,193566.00,Caerphilly County Borough Council,14/0276/FULL,,,,,,06/05/2014,,,,,,,08/08/2014,,,,,01/01/2015,02/03/2015,51.635067,-3.1697973
2074,03/02/2015,Good Energy Generation,Tiers Cross Solar Farm,Solar Photovoltaics,24,n/a,n/a,n/a,n/a,,Operational,Operational,"Rose Cottage Farm; Woodson Farm; Tierson Farm, Tiers Cross, Milford Haven, Dyfed",Dyfed,Wales,Wales,190200.00,209976.00,Pembrokeshire County Council,13/0214/PA,,,,,,24/05/2013,,,,,,,14/10/2013,,,,,19/12/2013,25/10/2014,51.749092,-5.0407401
2078,04/11/2014,Toyota Motor Manufacturing Ltd  - Graham Hillier - 01244 282027,Toyota Motor Manufacturing Uk - Deeside,Solar Photovoltaics,3.8,n/a,n/a,n/a,n/a,,Operational,Operational,"Toyota Motor Manufacturing Uk, Tenth Avenue, Deeside Industrial Park, Deeside, Clwyd",Clwyd,Wales,Wales,331682.00,370582.00,Flintshire County Council,51425,,,,,,30/10/2013,,,,,,,19/12/2013,,,,,26/05/2014,26/08/2014,53.227867,-3.0248339
2079,10/05/2016,Lightsource Renewable Energy,Trench Farm,Solar Photovoltaics,7.2,n/a,n/a,n/a,n/a,,Operational,Operational,"Trench Farm, Red Hall Lane, Penley, Wrexham LL13 0NA",Clwyd,Wales,Wales,338419.00,339068.00,Wrexham County Borough Council,P/2014/0484,,,,,,03/07/2014,,,,,,,05/11/2014,,,,05/11/2019,06/11/2014,30/03/2015,52.945448,-2.9178835
2093,16/06/2017,Cenin Renewables,Whitton Mawr,Solar Photovoltaics,6,n/a,n/a,n/a,n/a,,Operational,Operational,Land east of Five Mile Lane,South Glamorgan,Wales,Wales,308077.00,172202.00,Vale of Glamorgan Council,2014/00798/FUL,,,,,,18/07/2014,,,,,,,21/11/2014,,,,21/11/2017,15/11/2016,15/05/2017,51.441325,-3.3239755
2096,26/08/2014,Caerau Solar IQ,Woden Park,Solar Photovoltaics,5,n/a,n/a,n/a,n/a,,Operational,Operational,"Cwrt Yr Ala Road, Michaelston-Le-Pit, Dinas Powys, South Glamorgan, CF5",South Glamorgan,Wales,Wales,313742.00,175059.00,Vale of Glamorgan Council,2012/01285/FUL,,,,,,06/12/2012,,,,,,,18/03/2013,,,,,,26/03/2014,51.4679,-3.2431866
2104,01/10/2014,Anesco,Bodorgan Solar Farm,Solar Photovoltaics,12.6,n/a,n/a,n/a,n/a,,Operational,Operational,"Tai Moelion farm near Aberffraw, Anglesey",Isle of Anglesey,Wales,Wales,238717.00,367342.00,Isle of Anglesey County Council,10C114A,,,,,,15/11/2012,,,,,,,09/02/2013,,,,,15/09/2013,20/06/2014,53.178669,-4.4148095
2106,24/02/2017,Mr. B Stephens,Buckwell Farm Solar Park,Solar Photovoltaics,8.1,n/a,n/a,n/a,n/a,,Planning permission granted,Awaiting Construction,"Buckwell Farm, Pen Y Cae Mawr Usk Monmouthshire",Gwent,Wales,Wales,342153.00,196498.00,Monmouthshire County Council,DC/2013/00925,,,,,,31/10/2013,,,,,,,06/08/2014,,,,06/08/2019,,,51.664269,-2.8377679
2110,30/09/2015,Kronos Solar,Parciau Farm Solar Park,Solar Photovoltaics,13.9,n/a,n/a,n/a,n/a,,Operational,Operational,"Parciau Farm, Griffiths Crossing, Caernarfon, Gwynedd",Gwynedd,Wales,Wales,250255.00,365482.00,Gwynedd Council,C14/0498/20/LL,,,,,,06/06/2014,,,,,,,22/09/2014,,,,,15/11/2014,23/03/2015,53.165336,-4.2414398
2137,14/05/2015,Lightsource Renewable Energy,Treguff Farm - resubmission,Solar Photovoltaics,4.4,n/a,n/a,n/a,n/a,,Operational,Operational,"Treguff Farm, St. Mary Church, Cowbridge",South Glamorgan,Wales,Wales,302265.00,171141.00,Vale of Glamorgan Council,2013/00912/FUL,,,,,,24/09/2013,,17/01/2014,,,,12/08/2014,12/08/2014,,,,,28/10/2014,11/02/2015,51.430814,-3.4072789
2176,19/01/2016,KS SPV53 Ltd,Hafod-Y-Dafal Farm,Solar Photovoltaics,14,n/a,n/a,n/a,n/a,,Operational,Operational,"Hafod-Y-Dafal Farm, Aberbeeg, Blaina, Gwent",Gwent,Wales,Wales,320100.00,203640.00,Blaenau Gwent County Borough Council,C/2014/0126,,,,42012,,16/05/2014,,,,,,,07/11/2014,,,,07/11/2019,15/11/2015,22/12/2015,51.725764,-3.1581947
2180,03/07/2017,John Laing Environmental Assets (formerly Camborne Capital),Shoals Hook Farm,Solar Photovoltaics,12.1,n/a,n/a,n/a,n/a,,Operational,Operational,"Land east of Shoals Hook Farm, Shoals Hook Lane, Haverfordwest, SA61 2XN",Dyfed,Wales,Wales,197321.00,216854.00,Pembrokeshire County Council,14/0056/PA,,,,,,06/05/2014,,,,,,,03/10/2014,,,,,01/01/2015,31/03/2015,51.813473,-4.9417459
2206,16/04/2015,MTS Hill Farm Solar Ltd,Penrhiwarwydd Farm,Solar Photovoltaics,8.5,n/a,n/a,n/a,n/a,,Operational,Operational,Penrhiwarwydd Farm Mynyddislwyn Mountain Road Mynyddislwyn Newport NP11 7BB,Mid Glamorgan,Wales,Wales,319934.00,193293.00,Caerphilly County Borough Council,14/0512/FULL,,,,,,29/07/2014,,,,,,,07/11/2014,,,,07/11/2019,01/01/2015,26/03/2015,51.632727,-3.1582213
2215,22/05/2017,Walters Group,Maesgwyn solar farm,Solar Photovoltaics,7.5,n/a,n/a,n/a,n/a,,Operational,Operational,Land East of Maesgwyn Wind Farm Glynneath Neath,West Glamorgan,Wales,Wales,288221.00,208706.00,Neath Port Talbot County Borough Council,P2014/0762,,,,,,05/08/2014,,,,,,,28/05/2015,,,,28/05/2020,01/12/2016,15/02/2017,51.765839,-3.6211986
2235,15/02/2017,Marcol Afan Energy,Foel Fawr,Solar Photovoltaics,5.1,n/a,n/a,n/a,n/a,,Appeal Granted,Awaiting Construction,LAND NORTH BRYNHEULOG CAERAU PARK MAESTEG BRIDGEND,Mid Glamorgan,Wales,Wales,285648.00,195107.00,Bridgend County Borough Council,P/14/543/FUL,APP/F6915/A/15/3133430,,,,,15/08/2014,,12/06/2015,24/11/2015,,,22/04/2016,22/04/2016,,,,,,,51.6431,-3.6540029
2243,22/12/2015,Lightsource Renewable Energy,Maes Bach Farm,Solar Photovoltaics,4.9,n/a,n/a,n/a,n/a,,Operational,Operational,"Maes Bach, Willowford Road, Tonte, Pontypridd, Mid Glamorgan",Mid Glamorgan,Wales,Wales,310571.00,185789.00,Rhondda Cynon Taff County Borough Council,14/1014/10,,,,,,31/07/2014,,,,,,,30/12/2014,,,,30/12/2019,16/09/2015,19/11/2015,51.563861,-3.291551
2253,25/07/2016,Haymaker Energy,Kinmel 1 CIC,Solar Photovoltaics,5,n/a,n/a,n/a,n/a,Ground,Operational,Operational,"Land immediately north of A547, Rhuddlan Road, Towyn, Conwy",Gwynedd,Wales,Wales,298420.00,377733.00,Conwy County Borough Council,0/40999,,,,,,27/08/2014,,,,,,,11/03/2015,,,,11/03/2020,21/03/2016,27/06/2016,53.286798,-3.5252087
2286,19/08/2015,INRG Solar,Hendre Fawr Farm,Solar Photovoltaics,11.6,n/a,n/a,n/a,n/a,,Operational,Operational,"Land at Hendrefawr Farm, Mount Road, Rhigos, Neath, West Glamorgan",West Glamorgan,Wales,Wales,290227.00,205890.00,Neath Port Talbot County Borough Council,P2013/0635,,,,,,18/09/2013,,,,,,,06/07/2014,,,,,15/11/2014,06/03/2015,51.740927,-3.5912517
2325,03/07/2017,John Laing Environmental Assets (formerly Camborne Capital & Lightsource / Hive energy),Golden Hill,Solar Photovoltaics,6.2,n/a,n/a,n/a,n/a,,Operational,Operational,"Land East of Mylett's Hill, Golden Hill, Pembroke, Pembrokeshire",Dyfed,Wales,Wales,199087.00,202465.00,Pembrokeshire County Council,14/0129/PA,,,,,,07/05/2014,,,,,,,10/09/2014,,,,,01/12/2014,31/03/2015,51.684905,-4.9078456
2326,19/06/2015,Wessex Solar Energy,Chapel Hill,Solar Photovoltaics,8,n/a,n/a,n/a,n/a,,Operational,Operational,"Land east of Chapel Hill, Orielton, Pembroke, Dyfed",Dyfed,Wales,Wales,196092.00,197842.00,Pembrokeshire County Council,14/0148/PA,,,,,,14/05/2014,,,,,,,29/07/2014,,,,,01/01/2015,27/03/2015,51.642314,-4.9484123
2327,26/05/2017,Lightsource Renewable Energy,Pen Rhiw Caradog,Solar Photovoltaics,4.7,n/a,n/a,n/a,n/a,,Operational,Operational,"FARMHOUSE, PENRHIW CRADOC FARM, LLANWONNO ROAD, MOUNTAIN ASH, CF45 3UX",Mid Glamorgan,Wales,Wales,304594.00,197985.00,Rhondda Cynon Taff County Borough Council,13/0901/10,,,,,,03/09/2013,,,,,,,11/07/2016,,,,11/07/2019,07/11/2016,24/02/2017,51.672506,-3.3810774
2334,19/06/2015,Solar Park Developments,Gelliwern Isaf Farm,Solar Photovoltaics,6,n/a,n/a,n/a,n/a,,Operational,Operational,Land to South of Gelliwern Isaf Felindre Swansea,West Glamorgan,Wales,Wales,262382.00,202019.00,City and County Council of Swansea,2014/0739,,,,,,21/05/2014,,,,,,,12/11/2014,,,,12/11/2019,01/01/2015,31/03/2015,51.699993,-3.9927658
2338,21/06/2016,Elgin Energy EsCo,Weycock Road,Solar Photovoltaics,7,n/a,n/a,n/a,n/a,,Operational,Operational,"Land off Weycock Cross, Waycock Road, Barry, South Glamorgan",South Glamorgan,Wales,Wales,309173.00,169565.00,Vale of Glamorgan Council,2014/00081/FUL,,,,,,22/01/2014,,,,,,,01/08/2014,,,,,26/11/2015,02/03/2016,51.417798,-3.3075337
2347,01/03/2017,Foresight Solar Fund,Shotwick Solar Farm,Solar Photovoltaics,45.7,n/a,n/a,n/a,n/a,,Operational,Operational,"Weighbridge Road, Sealand, Deeside, Clwyd, CH5 2NN",Flintshire,Wales,Wales,331844.00,372029.00,Flintshire County Council,51772,,,,,,21/02/2014,,,,,,,01/06/2015,,,,01/06/2017,15/11/2015,31/03/2016,53.240892,-3.0227177
2350,16/02/2017,Novus Solar Developments,Blaen Bowi Solar park,Solar Photovoltaics,8,n/a,n/a,n/a,n/a,,Planning Permission Granted,Awaiting Construction,"Blaen Bowi, Capel Iwan, Newcastle Emlyn, Dyfed",Dyfed,Wales,Wales,232248.00,235208.00,Carmarthenshire County Council,W/28837,,,,,,09/09/2013,,,,,,,14/05/2014,,,,,,,51.989921,-4.4445323
2353,16/04/2015,New Forest Energy Ltd,Bryn yr Odyn Solar Farm,Solar Photovoltaics,15,n/a,n/a,n/a,n/a,,Operational,Operational,Bryn yr Odyn,Isle of Anglesey,Wales,Wales,239600.00,373400.00,Isle of Anglesey County Council,10C118A/RE,,,,,,08/09/2013,,,,,,,06/11/2013,,,,,06/11/2014,28/02/2015,53.233342,-4.4046553
2354,29/05/2015,Wessex Solar Energy,Rhyd-y-Pandy Solar Farm,Solar Photovoltaics,6,n/a,n/a,n/a,n/a,,Operational,Operational,"Cefn Betingau Farm, Rhydypandy Road, Morriston, Swansea",West Glamorgan,Wales,Wales,266057.00,201531.00,City and County Council of Swansea,2013/1639,,,,,,15/11/2013,,,,,,,20/02/2014,,,,,01/11/2014,06/03/2015,51.696498,-3.9394334
2355,11/08/2015,Anesco,Saron Road solar park,Solar Photovoltaics,6.7,n/a,n/a,n/a,n/a,,Operational,Operational,"E/O Saron Road, N/O Dyffryn Road, Saron, Ammanford, Dyfed",Dyfed,Wales,Wales,260904.00,212664.00,Carmarthenshire County Council,E/28054,,,,,,12/04/2013,,,,,,,19/09/2013,,,,,24/11/2014,15/02/2015,51.795279,-4.0183994
2359,10/05/2016,INRG Solar,West Hall Solar Farm,Solar Photovoltaics,7,n/a,n/a,n/a,n/a,,Operational,Operational,"Land at West Hall Farm, Aberthaw, St. Athan",South Glamorgan,Wales,Wales,302351.00,167146.00,Vale of Glamorgan Council,2013/00724/FUL,,,,,,01/08/2013,,,,,,,17/01/2014,,,,,18/01/2014,31/03/2014,51.394918,-3.4049406
2363,19/03/2015,Brynteg Solar,Brynteg Farm,Solar Photovoltaics,16.2,n/a,n/a,n/a,n/a,,Operational,Operational,"Land forming part of Brynteg farm adjacent to the B4309, five roads, Llanelli",Dyfed,Wales,Wales,249621.00,203809.00,Carmarthenshire County Council,S/28898,,,,,,19/09/2013,,,,,,,11/03/2014,,,,,01/09/2014,22/12/2014,51.712799,-4.1780556
2365,05/02/2016,Sunsave 23 Limited/ Vogt solar  ,Yerbeston Gate Farm,Solar Photovoltaics,6.1,n/a,n/a,n/a,n/a,,Operational,Operational,"Land north, west and south of Yerbeston Gate, Yerbeston, Kilgetty, SA68 0NS",Dyfed,Wales,Wales,207186.00,209092.00,Pembrokeshire County Council,13/0501/PA,,,,,,02/09/2013,,,,,,,02/12/2013,,,,,25/09/2015,25/11/2015,51.747259,-4.7945059
2370,31/03/2015,Conergy UK,Hendai Farm,Solar Photovoltaics,13.4,n/a,n/a,n/a,n/a,,Operational,Operational,Land At Hendai Farm Heol Adam Gelligaer Hengoed CF82 8FU,Mid Glamorgan,Wales,Wales,311830.00,198070.00,Caerphilly County Borough Council,13/0846/FULL,,,,,,10/12/2013,,,,,,,10/04/2014,,,,,01/10/2014,01/03/2015,51.674454,-3.2764873
2376,24/02/2015,,Cuckoo Grove Farm,Solar Photovoltaics,7.5,n/a,n/a,n/a,n/a,,Operational,Operational,"Land to the North of Cuckoo Grove Farm, Cuckoo Lane, Haverfordwest, SA61 2UY",Dyfed,Wales,Wales,192777.00,216646.00,Pembrokeshire County Council,12/0744/PA,,,,,,09/11/2012,,,,,,,25/04/2013,,,,,01/01/2015,26/03/2015,51.809939,-5.007446
2381,16/09/2014,St. Modwen Developments,Baglan Bay Solar Farm - Phase 1,Solar Photovoltaics,5,n/a,n/a,n/a,n/a,,Operational,Operational,"Baglan Energy Park, Port Talbot",West Glamorgan,Wales,Wales,273414.00,191650.00,Neath Port Talbot County Borough Council,P2011/0054,,,,,,01/02/2011,,,,,,,30/01/2013,,,,,,30/03/2014,51.60941,-3.8294646
2391,29/08/2012,Dwr Cymru Welsh Water,Cardiff Waste Water Treatment,Sewage Sludge Digestion,5.5,No,n/a,n/a,n/a,n/a,Operational,Operational,"Tide Fields Road, Splott, Cardiff, South Glamorgan. CF24 2",South Glamorgan,Wales,Wales,320496.00,176903.00,Cardiff Council,08/01949/E,,,,,,11/08/2008,,,,,,,10/12/2008,,,,,01/09/2009,02/10/2010,51.485468,-3.1463914
2559,18/05/2006,Cynllun Trydan Gwynt,Mynydd Gorddu Wind Farm,Wind Onshore,10.2,n/a,0.54,19,,n/a,Operational,Operational,Mynydd Gorddu Elerch Tal-y-Bont Dyfed,Dyfed,Wales,Wales,266200.00,287200.00,Ceredigion County Council,,,,,,,04/01/1991,,,,,,,12/09/1991,,,,,,18/04/1998,52.466297,-3.9710006
2563,22/04/2009,"Renewable Development Company Ltd, KENTECH Ltd",Cefn Croes Wind Farm,Wind Onshore,58.5,n/a,1.5,39,,n/a,Operational,Operational,"Canolbarth Forest,  Devils Bridge  Ceredigion",Dyfed,Wales,Wales,281000.00,280000.00,DECC (S36),AD00737,,,,,,24/07/2000,,,,,,,10/12/2001,,,,,,25/01/2005,52.405028,-3.7506912
2564,30/10/2011,RWE npower,Carno 'B' Wind Farm,Wind Onshore,16.8,n/a,0.6,28,,n/a,Operational,Operational,"Trannon Moor, Carno, Powys",Powys,Wales,Wales,291053.00,295836.00,Powys County Council,,,,,,,30/12/1993,,,,,,,18/08/1995,,,,,,01/10/1996,52.549433,-3.6081629
2565,30/10/2011,RWE npower,Carno 'A' Wind Farm,Wind Onshore,16.8,n/a,0.6,28,,n/a,Operational,Operational,"Cwm CledanCarnoPowys",Powys,Wales,Wales,293000.00,295000.00,Powys County Council,,,,,,,16/08/1993,,,,,,,18/08/1995,,,,,,01/10/1996,52.542306,-3.5791911
2566,03/02/2010,Vestas,Cemmaes 'B' Wind Farm,Wind Onshore,3.4,n/a,0.56,6,,n/a,Operational,Operational,"Mynydd y CemmaesCemmaesMachynllethPowys",Powys,Wales,Wales,287000.00,308000.00,Powys County Council,M/1996/0550,,,,,,04/09/1996,,,,,,,16/03/1999,,,,,,01/02/2002,52.657911,-3.6720678
2567,09/12/2003,RWE npower,Trysglwyn Wind Farm,Wind Onshore,5.6,n/a,0.4,14,,n/a,Operational,Operational,"Trysglwyn FawrRhosybolIsle of AngleseyGwynedd",Gwynedd,Wales,Wales,244000.00,389000.00,Isle of Anglesey County Council,,,,,,,08/08/1992,,10/12/1993,,,,,,,,,,,01/05/1996,53.37476,-4.3464665
2568,03/03/2010,Mr. Smallwood,Hafoty Ucha '2' and '3' Wind Turbine,Wind Onshore,2.6,n/a,0.85,3,,n/a,Operational,Operational,"3 km South of CerrigydrudionLlangwm",Clwyd,Wales,Wales,293500.00,345500.00,Conwy County Borough Council,0/25079,,,,,,02/07/2001,,,,,,,17/10/2001,,,,,,15/12/2002,52.996202,-3.5882565
2576,14/09/2010,Vestas,Cemmaes 'C' Wind Farm,Wind Onshore,15.3,n/a,0.85,18,,n/a,Operational,Operational,"CemmaesMachynllethPowys",Powys,Wales,Wales,286800.00,306000.00,Powys County Council,M/2000/0846,,,,,,15/10/2000,,,,,,,06/04/2001,,,,,,23/02/2002,52.639897,-3.6743364
2582,04/06/2005,MANWEB Generation Holdings,Llanbabo Wind Farm,Wind Onshore,20.4,n/a,2.25,9,,n/a,Operational,Operational,"Llanbabo Wind FarmLand tp the north of Llyn AlawIsle of AngleseyGwynedd",Gwynedd,Wales,Wales,236000.00,387000.00,Isle of Anglesey County Council,,,,,,,05/08/1994,,,,,,,19/12/1996,,,,,,01/10/1997,53.354376,-4.465566
2630,26/08/2004,WINDJEN POWER LTD,Blaen Bowi Wind Farm,Wind Onshore,3.9,n/a,1.3,3,,n/a,Operational,Operational,"Moelfre Capel Iwan Dyfed, Carmarthenshire",Dyfed,Wales,Wales,232500.00,236000.00,Carmarthenshire County Council,W03608,,,,,,27/06/2000,,,,,,,04/01/2001,,,,,,30/07/2002,51.997112,-4.4412529
2636,30/10/2011,Micon Wind Turbines (UK) Limited,Parc-Cynog Wind Farm,Wind Onshore,3.6,n/a,0.7,5,,n/a,Operational,Operational,"Parc-Cynog FarmPendineCarmarthenshire",Dyfed,Wales,Wales,225500.00,209500.00,Carmarthenshire County Council,,,,,,,05/05/1998,,01/02/2000,,,,,,,,,,,01/02/2001,51.75693,-4.5297076
2653,03/03/2010,John Laing Environmental (formerly Atlantic Energy / EnergieKontor),Moel Maelogen A,Wind Onshore,2.6,n/a,1.3,2,,n/a,Operational,Operational,"Moel MaelogenNr LlanrwstConwyGwynedd",Gwynedd,Wales,Wales,284700.00,361300.00,Conwy County Borough Council,,,,,,,20/08/1999,,,,,,,15/12/1999,,,,,,30/01/2003,53.136342,-3.7249757
2674,25/10/2011,Pennant Wind Energy Ventures Ltd,Maesgwyn,Wind Onshore,26,n/a,2,13,,n/a,Operational,Operational,"Maesgwyn, Glynneath, Neath, West Glamorgan. SA11",West Glamorgan,Wales,Wales,285500.00,205500.00,Neath Port Talbot County Borough Council,P/2006/1261,,,,,,01/10/2006,,,,,,,05/05/2009,,,,,01/07/2010,14/04/2011,51.736476,-3.6595544
2776,01/06/2011,Npower Renewables,Taff Ely Wind Farm,Wind Onshore,9,n/a,0.45,20,,n/a,Operational,Operational,10 kilometres (km) north east of Bridgend,Mid Glamorgan,Wales,Wales,298574.00,186630.00,Bridgend County Borough Council,,,,,,,,,,,,,,,,,,,,01/10/1993,51.569388,-3.4648126
2804,03/08/2011,,G24 Innovations Turbine,Wind Onshore,2.3,n/a,2.3,1,,n/a,Operational,Operational,"Wentloog Environmental Centre, WENTLOOG AVENUE, WENTLOOG",South Glamorgan,Wales,Wales,323460.00,179215.00,Cardiff Council,07/02286/E,,,,,,26/09/2007,,,,,,,15/01/2008,,,,,,12/07/2011,51.506662,-3.1042155
2873,16/05/2017,Njord Energy,Bryn Blaen Wind Farm,Wind Onshore,15,n/a,2.5,6,100,n/a,Appeal Granted,Awaiting Construction,land north of the village of Llangurig in Powys,Powys,Wales,Wales,291676.00,281370.00,Powys County Council,P/2014/1102,APP/T6850/A/15/3133966,,,,,04/12/2014,,,26/11/2015,,,23/08/2016,23/08/2016,,,,23/08/2021,,,52.419559,-3.5942703
2950,03/02/2010,Nuon,Parc Cynog Extension,Wind Onshore,7.8,n/a,1.3,6,,n/a,Operational,Operational,"Parc Cynog, Pendine, Carms",Dyfed,Wales,Wales,225230.00,209760.00,Carmarthenshire County Council,W/12246,,,,,,02/02/2006,,,,,,,19/07/2007,,,,,,01/11/2009,51.759181,-4.5337462
2956,09/06/2010,RES,Dyffryn Brodyn Wind Farm,Wind Onshore,5.5,n/a,0.5,11,,n/a,Operational,Operational,"Dyffryn Brodyn Wind Farm, near Llanboidy, north of St Clears",Dyfed,Wales,Wales,221900.00,226800.00,Carmarthenshire County Council,,,,,,,,,,,,,,01/01/1994,,,,,,01/12/1994,51.911181,-4.5907187
3015,03/03/2010,Npower Renewables,Bryn titli Windfarm,Wind Onshore,9.9,n/a,0.45,22,,n/a,Operational,Operational,"Bryntitli Platuae, North of RhayaderPowys",Powys,Wales,Wales,293500.00,275500.00,Powys County Council,R42978D,,,,,,12/03/1993,,,,,,,09/08/1993,,,,,,01/06/1994,52.367165,-3.5655919
3034,08/10/2013,Solutia / Vestas,Solutia UK Ltd,Wind Onshore,5,n/a,2.5,2,,n/a,Operational,Operational,"Traston Road, Newport, South Wales",Gwent,Wales,Wales,333375.00,185740.00,Newport City Council,08/1412,,,,,,05/11/2008,,,,,,,19/01/2009,,,,,01/09/2009,17/12/2009,51.566581,-2.962616
3057,04/12/2009,CELTPOWER LTD,Llandinam Windfarm,Wind Onshore,31,n/a,0.3,103,,n/a,Operational,Operational,10km south of Newtown,Powys,Wales,Wales,302840.00,283645.00,Powys County Council,,,,,,,,,,,,,,,,,,,,01/01/1993,52.442104,-3.4308309
3172,03/05/2017,John Laing Environmental,Moel Maelogen A Phase 2,Wind Onshore,11.7,n/a,1.3,8,,n/a,Operational,Operational,"Moel Maelogen, Nr Llanrwst, Conwy, Gwynedd",Gwynedd,Wales,Wales,284700.00,361300.00,Conwy County Borough Council,0/27445,,,,,,12/06/2003,,,,,,,26/11/2004,,,,,,01/10/2008,53.136342,-3.7249757
3229,03/03/2010,"Westbury Windfarms Ltd, Unit 10, Strawberry how business centre, Lorton road, Cockercroft, CA13 9XQ",Llangwyryfon,Wind Onshore,9.4,n/a,0.85,11,,n/a,Operational,Operational,"Llangwyryfon,Southeast AberystwythCeredigion",Dyfed,Wales,Wales,261752.00,269577.00,Ceredigion County Council,Dec-11,,,,,,01/12/2001,,,,,,,01/03/2003,,,,,,01/02/2004,52.306855,-4.0291556
3272,03/03/2010,Mr Knight,Lodge Farm 1,Wind Onshore,1,n/a,1,1,,n/a,Operational,Operational,"Lodge Farm, Hubberston, Milford Haven",Dyfed,Wales,Wales,188700.00,207500.00,Pembrokeshire County Council,04/1243/PA,,,,,,07/01/2005,,,,,,,01/10/2005,,,,,,01/08/2006,51.726298,-5.0609331
3277,06/01/2010,RWE npower,"Carno 'A'and 'B' Wind Farm, (Extension)",Wind Onshore,15.6,n/a,1.3,12,,n/a,Operational,Operational,"Cwm Cledan, Carno, Powys",Powys,Wales,Wales,293000.00,295000.00,Powys County Council,M2003/1156,,,,,,10/10/2003,,,,,,,10/07/2006,,,,,,01/03/2009,52.542306,-3.5791911
3313,06/11/2013,John Laing,Castle Pill - Repowering,Wind Onshore,3.2,n/a,0.8,4,,n/a,Operational,Operational,"Steynton, Pembroke, Dyfed",Dyfed,Wales,Wales,191995.00,206665.00,Pembrokeshire County Council,05/0394/PA,APP/N6845/A/05/1188977,,,,,22/06/2005,,19/12/2005,,,,19/12/2005,19/12/2005,,,,,,01/06/2009,51.720033,-5.0127958
3378,05/01/2015,Princes Gate Spring Water,Princes Gate Spring Water,Wind Onshore,1.6,n/a,0.8,2,,n/a,Operational,Operational,"Princes Gate Spring Water, Ludchurch, Narberth, ",Dyfed,Wales,Wales,214885.00,211552.00,Pembrokeshire County Council,11/0712/PA,,,,,,18/11/2011,,,,,,,09/07/2013,,,,,,03/09/2014,51.771951,-4.6844237
3552,08/12/2003,Powergen,Rheidol Wind Farm,Wind Onshore,2.4,n/a,0.3,8,,n/a,Operational,Operational,"Rheidol Wind Farm, Banc Bwa Drain, Goginan, Aberystwyth",Dyfed,Wales,Wales,272400.00,280500.00,Ceredigion County Council,,,,,,,01/08/1991,,,,,,,06/08/1996,,,,,,06/02/1997,52.407581,-3.8772282
3556,01/04/2005,Renewable Development Company Ltd,Bryn Du,Wind Onshore,16.4,n/a,0.42,39,,n/a,Operational,Operational,"Bryn Du Hills, South Of A44 At Pont Rydgaled, Powys, (LLangurig area)",Powys,Wales,Wales,284000.00,281000.00,Powys County Council,,,,,,,24/07/2000,,,,,,,10/12/2001,,,,,,01/04/2005,52.414659,-3.7069606
3592,26/04/2010,Tegni,Wern Ddu Wind Farm,Wind Onshore,9.2,n/a,2.3,4,,n/a,Operational,Operational,"NW Corwen, Gwyddelwern, Corwen, Denbighshire",Clwyd,Wales,Wales,305800.00,348500.00,Denbighshire County Council,6/2004/278/PS,,,,,,23/04/2004,,26/01/2005,,,,,,,,,,01/11/2009,01/03/2010,53.025468,-3.4059317
3660,06/11/2013,John Laing,Penrhys Wind Farm/Ferndale Power Factory,Wind Onshore,6.4,n/a,0.8,8,,n/a,Operational,Operational,"PenrhysRhonddaMid Glamorgan",Mid Glamorgan,Wales,Wales,299700.00,195700.00,Rhondda Cynon Taff County Borough Council,03/0226,App/L6940/A/04/754,,,,,11/02/2003,,09/01/2004,,,,01/03/2005,01/03/2005,,,,,01/04/2010,08/06/2011,51.651115,-3.4511699
3663,26/10/2016,Renewable Energy Systems (RES),Llanbrynmair Wind Farm,Wind Onshore,69,n/a,2.3,30,,n/a,Planning Application Submitted,Application Submitted,"Llanbrynmair , Powys",Powys,Wales,Wales,293294.00,308952.00,DECC (S36),n/a,,,,42368,,09/01/2009,,,,,,,,,,,,,,52.667742,-3.5793631
3695,04/07/2017,RWE Npower Renewables,Brechfa Forest West,Wind Onshore,57.4,n/a,2.05,28,,n/a,Under Construction,Under Construction,"centred around the Afon Pib Valley, east of Alltwalis and the second area around Banc Llywelau, south of Rhydcymerau.",Dyfed,Wales,Wales,254202.00,231259.00,The Planning Inspectorate - National Infrastructure,P2011/0085,,,,,,04/11/2011,,,,,,,12/03/2013,,,,,24/11/2016,,51.960642,-4.1233733
3705,24/08/2015,Pennant Walters,Mynydd Bwllfa Wind Farm - Resubmission,Wind Onshore,22.5,n/a,2.5,9,,n/a,Operational,Operational,South of Hirwaun,Mid Glamorgan,Wales,Wales,295787.00,202855.00,Rhondda Cynon Taff County Borough Council,09/0393/10,A/11/2161275 AP.1030,,,,,05/05/2009,,18/05/2011,,,,01/06/2012,01/06/2012,,,,,01/02/2014,08/05/2015,51.714712,-3.5098474
3707,31/05/2017,Belltown Power,Tirgwynt,Wind Onshore,24.6,n/a,2.05,12,,n/a,Operational,Operational,"Mynydd yr Hendre & Mynydd Pistyll Du�Near Carno, Powys",Powys,Wales,Wales,299943.00,302442.00,Powys County Council,M/2007/0931,,,,,,24/09/2007,,,,,,,12/10/2010,,,,,24/12/2015,15/02/2017,52.610508,-3.4791018
3711,31/05/2017,Renewables Infrastructure Group (TRIG),Garreg Lwyd,Wind Onshore,46,n/a,2,23,137,n/a,Operational,Operational,"Garreg Lwyd Hill�Between Felindre & Llanbadarn Fynydd, Llandrindod Wells, Powys",Powys,Wales,Wales,312758.00,280228.00,Powys County Council,P/2008/0785,APP/T6850/A/13/2209593,,,,,27/05/2008,,05/09/2013,04/03/2014,,,14/05/2015,14/05/2015,,,,,11/01/2016,22/02/2017,52.413068,-3.2840678
3726,31/03/2014,Resonance ,Oakdale Business Park,Wind Onshore,4,n/a,2,2,,n/a,Operational,Operational,"Blackwood, Gwent",Gwent,Wales,Wales,319119.00,199334.00,Caerphilly County Borough Council,11/0552/FULL,,,,,,18/07/2011,,,,,,,06/10/2011,,,,,23/08/2013,24/12/2013,51.686915,-3.171394
3856,10/05/2013,Airvolution Energy,Ystgellog Farm Wind Farm ,Wind Onshore,4.6,n/a,2.3,2,,n/a,Operational,Operational,"Ysgellog Farm, Rhosgoch, Builth Wells, Powys, LD2",Gwynedd,Wales,Wales,240490.00,391238.00,Isle of Anglesey County Council,11C557B,,,,,,24/10/2010,,,,,,,21/06/2011,,,,,05/10/2012,30/04/2013,53.39381,-4.4003097
3887,19/05/2017,Welsh Water,Nash Waste Water Treatment Works Turbine,Wind Onshore,2.5,n/a,2.5,1,,n/a,Under Construction,Under Construction,"West Nash Road, Nash NP18 2YH",Gwent,Wales,Wales,333598.00,184016.00,Newport City Council,11/1287,,,,,,08/12/2011,,,,,,,04/07/2012,,,,,07/02/2017,,51.551108,-2.959073
3896,04/01/2016,Awel Aman Tawe,Mynydd Y Gwrhyd Windfarm (resubmission),Wind Onshore,4.7,n/a,2.35,2,,n/a,Operational,Operational,Mynydd Y Gwrhyd,West Glamorgan,Wales,Wales,272659.00,210474.00,Neath Port Talbot County Borough Council,P2010/1225,,,,,,10/12/2010,,,,,,,21/03/2013,,,,,14/03/2016,20/12/2016,51.778401,-3.8472387
3904,03/10/2016,Renewable Energy Partnerships Ltd,Newton Down,Wind Onshore,5,n/a,2,2,,n/a,Operational,Operational,Bridgend,Mid Glamorgan,Wales,Wales,284252.00,179465.00,Bridgend County Borough Council,P/12/368/FUL,,,,,,18/05/2012,,13/07/2012,,,,24/05/2013,24/05/2013,,,,,07/04/2016,29/09/2016,51.502231,-3.66901
3931,23/08/2012,FIM Services,Mynydd Portref,Wind Onshore,9.4,n/a,0.85,11,,n/a,Operational,Operational,"N of Brynna, E of existing Taff Ely Wind Farm",Mid Glamorgan,Wales,Wales,298897.00,185178.00,Rhondda Cynon Taff County Borough Council,06/1325,,,,,,26/06/2006,,,,,,,01/07/2008,,,,,,26/03/2012,51.556395,-3.4597357
3932,05/06/2013,Pennant Walters,Fforch Nest Wind Farm pt2,Wind Onshore,17.5,n/a,2.5,7,,n/a,Operational,Operational,"Mynydd Maesteg and Mynydd Pwllyrhebog, Ogmore and Rhondda Valleys",Mid Glamorgan,Wales,Wales,296500.00,190800.00,Rhondda Cynon Taff County Borough Council,06/1842/10,,,,,,31/03/2006,,,,,,,04/05/2011,,,,,30/10/2011,24/05/2013,51.606492,-3.4959572
3956,05/06/2013,Pennant Walters,Fforch Nest Wind Farm pt1,Wind Onshore,10,n/a,2.5,4,,n/a,Operational,Operational,Land North of Glynogwr,Mid Glamorgan,Wales,Wales,296600.00,191300.00,Bridgend County Borough Council,P/06/1080/FUL,,,,,,31/08/2006,,,,,,,04/05/2011,,,,,30/10/2011,24/05/2013,51.611004,-3.4946614
3983,16/06/2017,CeltPower Ltd (Scottish Power/Eurus Energy),Llandinam Windfarm Repowering and Extension,Wind Onshore,102,n/a,3,34,,n/a,Planning Permission Granted,Awaiting Construction,"10km south of Newtown,",Powys,Wales,Wales,303400.00,284070.00,DECC (S36),n/a,,,,,,08/05/2008,,,,,,,07/09/2015,,,,,,,52.446023,-3.4227181
3989,26/10/2016,Npower Renewables,Carnedd Wen Wind Farm,Wind Onshore,150,n/a,3,50,,n/a,Planning Application Submitted,Application Submitted,"Llanbrynmair ForestTAN 8 Strategic Search Area B",Powys,Wales,Wales,293295.00,308953.00,DECC (S36),n/a,,,,42368,,11/12/2008,,,,,,,,,,,,,,52.667751,-3.5793487
4022,08/10/2013,REG Windpower (previously Cornwall Light and Power),Braich Ddu,Wind Onshore,3.9,n/a,1.3,3,,n/a,Operational,Operational,"Braich Ddu, Glanrafon Y Bala, Gwynedd",Gwynedd,Wales,Wales,267500.00,301500.00,Gwynedd Council,C04M/0038/04/MW,,,,,,11/03/2004,,,,,,,13/09/2004,,,,,,31/08/2007,52.595094,-3.9575839
4039,03/06/2013,Pennant Wind Energy Ventures (PWEV),Pant y wal,Wind Onshore,25,n/a,2.5,10,115,n/a,Operational,Operational,"Mynydd Maesteg, Mynydd Pwlle yr Helog, Ogmore Vale, Rhondda Valley",Mid Glamorgan,Wales,Wales,295886.00,191521.00,Bridgend County Borough Council,P/06/417/FUL,,,,,,31/03/2006,,26/04/2006,,,,04/05/2011,04/05/2011,,,,,01/04/2012,01/06/2013,51.612859,-3.5050346
4061,08/10/2013,ESB (Cambrian Renewable Energy Ltd / Betws Common Holdings Ltd),Mynydd y Betws,Wind Onshore,37.5,n/a,2.5,15,,n/a,Operational,Operational,"Mynydd y Betws, Betws, Ammanford",Dyfed,Wales,Wales,267000.00,210000.00,Carmarthenshire County Council,E/10446,,,,,,22/06/2005,,,,,,,17/06/2007,,,,,01/01/2012,01/04/2013,51.772825,-3.9290363
4138,26/06/2014,Greencoat UK Wind,Maerdy,Wind Onshore,24,n/a,3,8,,n/a,Operational,Operational,"land NW of Maerdy and NE of Treherbert, Rhigos",Mid Glamorgan,Wales,Wales,295189.00,200983.00,Rhondda Cynon Taff County Borough Council,11/0198/10,,,,,,01/09/2006,,,,,,,10/02/2008,,,,,09/07/2012,31/08/2013,51.697775,-3.5179365
4172,21/04/2017,RWE Npower Renewables,Headwind Taff Ely Wind Farm (Repowering),Wind Onshore,17.5,n/a,2.5,7,,n/a,Planning Permission Granted,Awaiting Construction,10 kilometres (km) north east of Bridgend,Mid Glamorgan,Wales,Wales,298257.00,186256.00,Rhondda Cynon Taff County Borough Council,11/1468/10,,,,,,23/12/2011,,,,,,,23/04/2013,,,,,,,51.565969,-3.4692764
4181,28/07/2014,Nuon UK,Hirddywel,Wind Onshore,27,n/a,3,9,,n/a,Planning Application Submitted,Application Submitted,"6.5km to south east of Llanidloes,Powys",Powys,Wales,Wales,301261.00,280542.00,Powys County Council,P/2010/0650,,,,,,25/06/2010,,,,,,,,,,,,,,52.413934,-3.4531352
4193,18/04/2017,REG Windpower,Mynydd Brombil Wind Farm,Wind Onshore,8,n/a,2,4,,n/a,Operational,Operational,"Brombil, Port Talbot",Neath Port Talbot,Wales,Wales,279141.00,188569.00,Neath Port Talbot County Borough Council,P2012/0638,APP/Y6930/A/14/2226525,,,,,29/08/2012,,,07/01/2015,,,08/07/2015,08/07/2015,,,,08/07/2020,01/02/2016,15/01/2017,51.58298,-3.7457392
4194,18/04/2017,REG Windpower,Mynydd Portref Wind Farm extension,Wind Onshore,12,n/a,2,6,,n/a,Operational,Operational,,Mid Glamorgan,Wales,Wales,299608.00,185606.00,Rhondda Cynon Taff County Borough Council,12/0704/10,,,,,,29/06/2012,,,,,,,19/12/2014,,,,,11/04/2016,01/03/2017,51.560369,-3.4496059
4196,29/05/2015,Renewable Energy Systems Ltd (RES),Longlands Lane,Wind Onshore,1.5,n/a,1.5,1,,n/a,Operational,Operational,"Longlands Lane, Margam, nr junction 38 of the M4.",Gwent,Wales,Wales,278940.00,186385.00,Newport City Council,12/1001,,,,,,30/10/2012,,,,,,,06/11/2013,,,,,30/09/2014,01/12/2014,51.563309,-3.7478855
4198,18/04/2017,REG Windpower,Abergorki Wind Farm,Wind Onshore,9,n/a,3,3,,n/a,Planning Permission Granted,Awaiting Construction,"Craig yr Aber, Land North-East of Ffoch-orky, Treorchy, Rhondda Cynon Taf",Mid Glamorgan,Wales,Wales,296106.00,199051.00,Rhondda Cynon Taff County Borough Council,13/0663/10,,,,,,27/06/2013,,,,,,,23/07/2015,,,,,,,51.68058,-3.5040973
4312,02/12/2016,E.On / Eurus (TPG Wind),Rhyd-y-Groes Wind Farm - repowering,Wind Onshore,9.9,n/a,0.9,11,79,n/a,Planning Permission Granted,Awaiting Construction,"near Amlwch, Anglesey",Gwynedd,Wales,Wales,240467.00,392683.00,Isle of Anglesey County Council,20C102L/EIA/RE,,,,,,12/04/2015,,,,,,,21/10/2016,,,,,,,53.40678,-4.4013863
4409,03/05/2017,Pennant Walters (PYWX),Pant y wal extension,Wind Onshore,20,n/a,2.5,8,125,n/a,Under Construction,Under Construction,"Mynydd Maesteg, Mynydd Pwlle yr Helog, Ogmore Vale, Rhondda Valley",Mid Glamorgan,Wales,Wales,294649.00,188695.00,Bridgend County Borough Council,P/14/293/FUL,,,,,,30/04/2014,,,,,,,02/04/2015,,,,,14/03/2016,,51.587228,-3.5220432
4412,18/04/2017,REG Windpower/ BlackRock,Pen Bryn Oer Wind Farm,Wind Onshore,4,n/a,1.33,3,,n/a,Under Construction,Under Construction,"Pen Bryn Oer, Merthyr Road, Rhymney",Mid Glamorgan,Wales,Wales,312065.00,209235.00,Caerphilly County Borough Council,13/0483/FULL,APP/K6920/A/14/2221852,,,,,28/06/2013,,10/08/2014,08/07/2014,,,06/08/2015,06/08/2015,,,,06/08/2018,15/01/2017,,51.774852,-3.2759127
4483,19/05/2017,Wind Energy Direct,Lawrence Landfill,Wind Onshore,1.6,n/a,0.8,2,,n/a,Operational,Operational,"Lawrence Landfill, Pope Hill, Johnston, Haverfordwest, Dyfed, SA62 3NX",Dyfed,Wales,Wales,193075.00,212682.00,Pembrokeshire County Council,12/1206/PA,,,,,,12/04/2013,,10/03/2014,,,,26/08/2014,26/08/2014,,,,,15/08/2016,15/03/2017,51.774458,-5.0007643
4485,21/06/2017,Pennant Walters (MAESX) Limited,Maesgwyn Wind Farm - extension,Wind Onshore,2.5,n/a,2.5,1,,n/a,Operational,Operational,Maesgwyn Wind Farm Between Onllwyn & Glynneath,West Glamorgan,Wales,Wales,286568.00,205930.00,Neath Port Talbot County Borough Council,P2014/0733,,,,,,15/08/2014,,,,,,,17/12/2015,,,,17/12/2020,21/01/2016,29/03/2016,51.740558,-3.6442352
4552,05/07/2017,RWE Innogy UK,Clocaenog Forest Wind Farm,Wind Onshore,96,n/a,3.6,27,,n/a,Planning Permission Granted,Awaiting Construction,"Clocaenog forest, Ruthin, Clwyd",Clwyd,Wales,Wales,300324.00,353682.00,The Planning Inspectorate - National Infrastructure,n/a,,,,,,23/04/2013,,,,,,,12/09/2014,,,,12/09/2019,,,53.071041,-3.489152
4570,16/09/2014,Chris Thomas,Bryngydfa Wind Farm,Wind Onshore,36,n/a,3,12,,n/a,Planning Application Submitted,Application Submitted,"Felindre (Northern Area SO135809, South Knighton) Powys LD7 1Y",Powys,Wales,Wales,313500.00,280900.00,Powys County Council,P/2009/0384,,,,,,03/04/2009,,,,,,,,,,,,,,52.419226,-3.2733358
4571,04/07/2017,Amegni Renewables Ltd,Carno 3,Wind Onshore,45,n/a,2.5,18,,n/a,Planning Permission Granted,Awaiting Construction,"Carno, Powys, SY17 5JS",Powys,Wales,Wales,294433.00,297106.00,Powys County Council,P/2010/0762,,,,,,15/07/2010,,,,,,,26/05/2017,,,,,,,52.561512,-3.5587402
4595,17/05/2017,Vattenfall (previously Nuon Renewables),Pen Y Cymoedd,Wind Onshore,228,n/a,3,76,,n/a,Operational,Operational,Land stretches from the Upper Afan Valley to end of Cynon Valley.,Neath Port Talbot,Wales,Wales,282793.00,196557.00,DECC (S36),n/a,,,,,,19/11/2009,,,,,,,08/05/2012,,,,,06/02/2014,19/05/2017,51.655543,-3.6957302
4644,18/05/2017,John Laing ,Llynfi Afan Renewable Energy Park,Wind Onshore,24,n/a,2,12,,n/a,Under Construction,Under Construction,"Mynydd Y Gelli, Port Talbot, Bridgend",Neath Port Talbot,Wales,Wales,288368.00,195006.00,Bridgend County Borough Council,P/10/844/FUL�,,,,,,15/11/2010,,,,,,,18/07/2013,,,,,27/05/2016,,51.642739,-3.6146784
4648,18/05/2017,RWE Npower Renewables/ Innogy,Mynydd Y Gwair Wind Farm (resubmission),Wind Onshore,32.8,n/a,3,16,,n/a,Under Construction,Under Construction,"Swansea, West Glamorgan",West Glamorgan,Wales,Wales,266303.00,207394.00,City and County Council of Swansea,2012/1221,,,,,,11/09/2012,,,,,,,08/02/2013,,,,,08/02/2017,,51.749241,-3.9381287
4656,18/05/2017,John Laing ,"Llynfi Renewable Energy Park, Land at Mynydd Caerau",Wind Onshore,18,n/a,2,12,,n/a,Under Construction,Under Construction,"Glyncorrwg and Gelli Mountain, Croeserw, Neath and Port Talbot",Neath Port Talbot,Wales,Wales,287930.00,195255.00,Neath Port Talbot County Borough Council,P2010/1148,,,,,,15/11/2010,,03/04/2012,,,,27/08/2013,27/08/2013,,,,,27/05/2016,,51.64489,-3.6210854
4661,29/05/2015,John Laing,Wear Point,Wind Onshore,8.2,n/a,2.05,4,,n/a,Operational,Operational,"Land at Wear Point, Waterston Industrial, Llanstadwell",Dyfed,Wales,Wales,193041.00,204629.00,Pembrokeshire County Council,09/0544/PA,,,,,,02/10/2009,,,,,,,25/05/2010,,,,,30/06/2012,07/07/2014,51.702139,-4.9964654
4670,06/04/2010,Statkraft and Catamount Energy Corporation,Blaengwen (Re-Submission),Wind Onshore,23,n/a,2.3,10,,n/a,Operational,Operational,Pencader Carms.,Dyfed,Wales,Wales,246387.00,233404.00,Carmarthenshire County Council,,,,,,,06/07/2006,,,,,,,27/03/2007,,,,,01/11/2008,30/11/2009,51.977807,-4.2379828
4677,06/05/2009,RWE npower,Ffynnon Oer Wind Farm,Wind Onshore,32,n/a,2,16,,n/a,Operational,Operational,Near Glyncorrwg,West Glamorgan,Wales,Wales,287500.00,199500.00,Neath Port Talbot County Borough Council,02/1322,,,,,,05/11/2002,,,,,,,27/05/2003,,,,,,01/12/2005,51.682956,-3.6286652
4684,06/05/2009,Renewable Energy Systems (RES),Mynydd Clogau Wind Farm,Wind Onshore,14.5,n/a,0.85,17,,n/a,Operational,Operational,"Mynydd Clogau, Mynydd Bwrch-y-gors and Mynydd Cerrigllwydion, near Adfa, Newtown, Powys",Powys,Wales,Wales,303300.00,298800.00,Powys County Council,1998/0669,,,,,,11/09/1998,,,,,,,23/05/2002,,,,,,01/12/2005,52.578386,-3.4284766
4689,16/08/2012,Munich Re (previously Windjen Power Ltd),Tir Mostyn And Foel Goch Wind Farm,Wind Onshore,21.3,n/a,0.85,25,,n/a,Operational,Operational,"Nantglyn, Denbighshire",Clwyd,Wales,Wales,300300.00,358800.00,Denbighshire County Council,25/710/99/PF,,,,,,22/09/1999,,,,,,,19/12/2002,,,,,,01/06/2005,53.117027,-3.4910998
4728,04/04/2017,Pennant Walters,Esgair Cwmowen,Wind Onshore,47.5,n/a,2.5,19,,n/a,Planning Application Submitted,Application Submitted,Land at Esgair Cwmowen�Nr Carno,Powys,Wales,Wales,306701.00,303409.00,Powys County Council,P/2010/0890,,,,,,21/05/2010,,,,,,,,,,,,,,52.620402,-3.3796038
4734,12/07/2016,Archiception,Land at Darran Farm,Solar Photovoltaics,2.6,n/a,,,,Ground,Planning Permission Granted,Awaiting Construction,"Darran Farm, Argoed, Blackwood",Caerphilly,Wales,Wales,318499.00,199490.00,Caerphilly County Borough Council,14/0455/FULL,,,,,,29/10/2014,,,,,,,10/03/2016,,,,10/03/2021,,,51.688227,-3.1803971
4738,25/07/2016,Rhug Estate,Rhug Estate,Solar Photovoltaics,1.2,n/a,n/a,n/a,n/a,Ground,Operational,Operational,"Rhug Estate, Corwen",Denbighshire,Wales,Wales,303123.00,344332.00,Denbighshire County Council,05/2014/1178,,,,,,17/10/2014,,,,,,,14/01/2015,,,,14/01/2020,15/01/2016,15/03/2016,52.987535,-3.4445795
4764,01/03/2017,Pennant Walters Ltd ,Foel Trawsnant,Wind Onshore,39,n/a,3,13,,n/a,Planning Application Submitted,Application Submitted,"Foel Trawsnant, Bryn, Port Talbot ",Neath Port Talbot,Wales,Wales,283447.00,193081.00,Neath Port Talbot County Borough Council,P2014/0825,,,,,,20/10/2014,,,,,,,,,,,,,,51.624439,-3.6851217
4775,28/11/2014,juwi Renewable Energies,Bryn Henllys,Solar Photovoltaics,20,n/a,,,,Ground,Planning Application Submitted,Application Submitted,"Land at Bryn Henllys Open Cast, Upper Cwmtwch, Cwmllynfell",Powys,Wales,Wales,276490.00,212410.00,Powys County Council,P/2015/0176,,,,,,06/02/2015,,,,,,,,,,,,,,51.796659,-3.792427
4786,21/12/2016,Agrivert,Stormy Down (Waste AD),Anaerobic Digestion,3,No,,,,n/a,Operational,Operational,"Parc Stormy, Stormy Down, Airfield Stormy, Pyle, Bridgend",Bridgend,Wales,Wales,284103.00,180025.00,Bridgend County Borough Council,P/14/700/FUL,,,,,,23/10/2014,,,,,,,19/04/2015,,,,19/04/2018,25/08/2015,03/10/2016,51.507234,-3.6713399
4790,24/03/2017,Kingspan,Kingspan,Wind Onshore,1.8,n/a,0.9,2,78,n/a,Planning Permission Granted,Awaiting Construction,"Kingspan Ltd, 2-4 Bagillt Road, Greenfield, Holywell",Flintshire,Wales,Wales,320053.00,377640.00,Flintshire County Council,52922,,,,,,19/11/2014,,,,,,,14/04/2015,,,,14/04/2018,,,53.28967,-3.2007686
4830,20/04/2015,Vogt Solar,Crundale / Fenton Home Farm (extension),Solar Photovoltaics,5.9,n/a,n/a,n/a,n/a,Ground,Operational,Operational,"Fenton Home Farm, Crundale, Haverfordwest",Dyfed,Wales,Wales,198289.00,217945.00,Pembrokeshire County Council,14/0511/PA,,,,,,03/09/2014,,,,,,,12/11/2014,,,,12/11/2019,01/01/2015,31/03/2015,51.823619,-4.9283581
4862,22/12/2015,Lightsource Renewable Energy,Tyddyn Cae (Nefyn),Solar Photovoltaics,4.9,n/a,n/a,n/a,n/a,Ground,Operational,Operational,"Tyddyn Cae, Boduan, Pwllheli",Gwynedd,Wales,Wales,233416.00,338035.00,Gwynedd Council,C14/0885/33/LL,,,,,,08/09/2014,,,,,,,02/02/2015,,,,02/02/2020,27/07/2015,15/12/2015,52.91384,-4.4788933
4893,24/03/2017,Infinis,Melin Court,Wind Onshore,18,n/a,3,5,,n/a,Planning Permission Granted,Awaiting Construction,"Land to the East of Merlin Court, Resolven",Neath Port Talbot,Wales,Wales,284900.00,200600.00,Neath Port Talbot County Borough Council,P2014/0883,,,,,,15/10/2014,,,,,,,26/08/2016,,,,,,,51.692315,-3.6666193
4896,22/02/2017,Renewable Developments Wales,Cockett Valley,Solar Photovoltaics,4,n/a,,,,Ground,Under Construction,Under Construction,"Cockett Valley, Waunarlywydd Road, Swansea",Swansea,Wales,Wales,260794.00,195054.00,City and County Council of Swansea,2014/1837,,,,,,05/12/2014,,,,,,,18/08/2015,,,,18/08/2020,26/01/2017,,51.637016,-4.0129522
4909,05/01/2015,Dwr Cymru Welsh Water,Llyn Celyn ,Small Hydro,4.5,n/a,n/a,n/a,n/a,n/a,Operational,Operational,Celyn Reservoir near Bala,Gwynedd,Wales,Wales,287800.00,339800.00,Gwynedd Council,,,,,,,,,,,,,,,,,,,,01/01/1994,52.943821,-3.6711683
4938,19/01/2015,Kinetica Solar,Pentre farm,Solar Photovoltaics,5.5,n/a,n/a,n/a,n/a,Ground,Operational,Operational,"Pentre Farm, Llannon, Llanelli",Carmarthenshire,Wales,Wales,253611.00,208800.00,Carmarthenshire County Council,S/27526,,,,,,18/12/2012,,,,,,,11/03/2013,,,,,,25/09/2014,51.758699,-4.1224466
4940,16/05/2017,Llancadle Solar Farm Ltd,Llancadle Farm,Solar Photovoltaics,5,n/a,n/a,n/a,n/a,Ground,Planning Permission Granted,Awaiting Construction,"Llancadle Farm, Llancadle, Barry, South Glamorgan",Vale of Glamorgan,Wales,Wales,303679.00,168416.00,Vale of Glamorgan Council,2014/01490/FUL,,,,,,07/12/2014,,,,,,,15/05/2015,,,,15/05/2020,,,51.406562,-3.3862039
5006,27/05/2016,3C Energy,Land at Lower House Farm,Solar Photovoltaics,8.1,n/a,n/a,n/a,n/a,Ground,Operational,Operational,"Land at Lower House Farm, Kemeys Commander, Usk",Monmouthshire,Wales,Wales,334772.00,204371.00,Monmouthshire County Council,DC/2012/00666,,,,,,08/08/2012,,,,,,,10/12/2012,,,,,01/02/2016,21/03/2016,51.734237,-2.945945
5019,24/03/2016,Navitas Project,Land West of Roberts Wall Far,Solar Photovoltaics,2.5,n/a,n/a,n/a,n/a,Ground,Operational,Operational,"Land West of, Roberts Wall Far, Trefloyne Lane, Penally, Tenby, Dyfed",Pembrokeshire,Wales,Wales,210186.00,200504.00,Pembrokeshire County Council,14/1055/PA,,,,,,17/02/2015,,,,,,,26/06/2015,,,,26/06/2020,01/02/2016,23/03/2016,51.671157,-4.7464236
5026,24/08/2016,Lightsource Renewable Energy,Land Opposite Tyn Y Pistyll,Solar Photovoltaics,5,n/a,n/a,n/a,n/a,Ground,Operational,Operational,"Land Opposite Tyn Y Pistyll, West of Delph Road, Penycae, Wrexham, Clwyd",Wrexham,Wales,Wales,328238.00,343877.00,Wrexham County Borough Council,P/2015/0092,,,,,,10/02/2015,,,,,,,12/05/2015,,,,12/05/2020,16/10/2015,22/12/2015,52.987403,-3.0704359
5053,25/07/2016,Renesola,Rhewl Farm,Solar Photovoltaics,6,n/a,n/a,n/a,n/a,Ground,Operational,Operational,"Rhewl Farm, Shirenewton",Monmouthshire,Wales,Wales,349490.00,193050.00,Monmouthshire County Council,DC/2014/00939,APP/E6840/A/14/2229840,,,,,06/08/2014,,05/12/2014,24/02/2015,,,25/06/2015,25/06/2015,,,,25/06/2020,04/04/2016,26/06/2016,51.633979,-2.7311981
5081,16/05/2017,Kelda Organic Energy,Cardiff Organic Waste Treatment Project (resubmission),Anaerobic Digestion,2,n/a,n/a,n/a,n/a,n/a,Planning Permission Granted,Awaiting Construction,"Cardiff Waste Water Treatment Works, Tide Fields Road, East Moors",Cardiff,Wales,Wales,321166.00,175969.00,Cardiff Council,15/00591/MJR,,,,,,12/03/2015,,,,,,,13/05/2015,,,,13/05/2020,,,51.477165,-3.1365355
5082,27/03/2017,Energiekontor UK,Mynydd Pencarreg,Wind Onshore,4.6,n/a,2.3,2,100,n/a,Planning Permission Granted,Awaiting Construction,"Land North of Esgairliving, Rhydcwmerau, Llandeilo",Carmarthenshire,Wales,Wales,256960.00,241000.00,Carmarthenshire County Council,W/31728,,,,,,18/03/2015,,,,,,,08/03/2016,,,,08/03/2019,,,52.048879,-4.0873316
5084,16/02/2017,BE Renewables,Court Farm (Resubmission),Solar Photovoltaics,8.5,n/a,n/a,n/a,n/a,Ground,Appeal Granted,Awaiting Construction,"Land Forming Part Of Court Farm, Magor Road",Newport,Wales,Wales,339241.00,189511.00,Newport City Council,14/1275,APP/G6935/A/15/3034087,,,,,05/03/2015,,07/04/2015,10/07/2015,,,09/10/2015,09/10/2015,,,,,,,51.601147,-2.8786503
5088,23/05/2017,Sunrise Renewables,Barry Docks (new project),Advanced Conversion Technologies,10,No,n/a,n/a,n/a,n/a,Under Construction,Under Construction,"David Davies Road, Woodham Road, Barry",Vale of Glamorgan,Wales,Wales,312610.00,167683.00,Vale of Glamorgan Council,2015/00031/OUT,,,,,,12/02/2015,,,,,,,31/07/2015,,,,31/07/2018,15/04/2016,,51.401421,-3.2576563
5093,28/08/2015,Associated British Ports (ABP),Port of Barry (Resubmission) - Site 1,Solar Photovoltaics,4.5,n/a,n/a,n/a,n/a,Ground,Operational,Operational,"Atlantic Way, Port of Barry, Barry",Vale of Glamorgan,Wales,Wales,312836.00,167102.00,Vale of Glamorgan Council,2015/00173/FUL,,,,,,18/02/2013,,,,,,,15/04/2015,,,,15/04/2020,01/06/2015,18/08/2015,51.396233,-3.2542654
5104,16/06/2017,Cenin Renewables,Home Farm,Solar Photovoltaics,3,n/a,n/a,n/a,n/a,Ground,Operational,Operational,"Home Farm, land West of Drope Road, St. George's-super-Ely, Cardiff, South Glamorgan, Wales",Vale of Glamorgan,Wales,Wales,310310.00,175854.00,Vale of Glamorgan Council,2015/00852/FUL,,,,,,30/07/2015,,,,,,,14/01/2016,,,,14/01/2021,09/01/2017,15/04/2017,51.474512,-3.2927834
5147,26/09/2016,Pegasus Group,Knolton Farmhouse Cheese Solar Farm,Solar Photovoltaics,1,n/a,n/a,n/a,n/a,Ground,Operational,Operational,"Knolton Farmhouse Cheese Ltd, Oswestry Road, Overton, Wrexham, Clwyd",Wrexham,Wales,Wales,335887.00,340585.00,Wrexham County Borough Council,P/2015/0249,,,,,,02/04/2015,,,,,,,01/06/2015,,,,01/06/2020,01/12/2015,01/03/2016,52.958786,-2.9558593
5150,11/01/2016,Suncredit UK/ Vogt solar ,Agricultural Land at Trecastle,Solar Photovoltaics,4,n/a,n/a,n/a,n/a,Ground,Operational,Operational,"Agricultural Land at Trecastel, Four Fields Centered on, Llanharry, Pontyclun, Mid Glamorgan",Rhondda Cynon Taff,Wales,Wales,301218.00,181507.00,Rhondda Cynon Taff County Borough Council,15/0411/10,,,,,,26/03/2015,,,,,,,15/10/2015,,,,15/10/2020,15/11/2015,15/12/2015,51.523809,-3.4252367
5190,19/04/2016,BNRG Renewables,Fferm Bryn Bachau,Solar Photovoltaics,4.4,n/a,n/a,n/a,n/a,Ground,Operational,Operational,"Fferm Bryn Bachau, Chwilog, Pwllheli",Gwynedd,Wales,Wales,243136.00,336998.00,Gwynedd Council,C15/0751/41/LL,,,,,,23/07/2015,,,,,,,30/09/2015,,,,30/09/2020,12/01/2016,29/03/2016,52.907453,-4.3339708
5223,29/05/2015,St. Modwen Developments,Baglan Bay Solar Farm - Phase 2 ,Solar Photovoltaics,10,n/a,n/a,n/a,n/a,Ground,Planning Application Submitted,Application Submitted,"Land adjacent to, Central Aven, Baglan Energy Park, Baglan, Phase 1, Port Talbot, West Glamorgan",Neath Port Talbot,Wales,Wales,273890.00,192702.00,Neath Port Talbot County Borough Council,P2015/0304,,,,,,06/05/2015,,,,,,,,,,,,,,51.618971,-3.8229732
5226,17/05/2017,Earthworm,Land NW Of Pickhill Bridge Farm,Solar Photovoltaics,4,n/a,n/a,n/a,n/a,Ground,Operational,Operational,"Land NW Of Pickhill Bridge Far, Holt Road, Cross Lanes, Wrexham, Clwyd",Wrexham,Wales,Wales,338023.00,347831.00,Wrexham County Borough Council,P/2015/0287,,,,,,13/04/2015,,,,,,,31/07/2015,,,,31/07/2020,19/12/2016,24/03/2017,53.024165,-2.9254581
5232,28/05/2015,Elgin Energy EsCo,Wogaston Solar Farm,Solar Photovoltaics,5.3,n/a,n/a,n/a,n/a,Ground,Operational,Operational,Land at Wogaston Farm,Pembrokeshire,Wales,Wales,191197.00,200960.00,Pembrokeshire County Council,12/0906/PA,APP/N6845/A/13/2203220,,,,,21/12/2012,,27/06/2013,27/11/2013,,,16/04/2014,16/04/2014,,,,,01/01/2015,17/03/2015,51.668513,-5.020916
5233,03/07/2017,John Laing Environmental Assets (formerly RGE Energy),Crugmore Farm,Solar Photovoltaics,6.4,n/a,n/a,n/a,n/a,Ground,Operational,Operational,"Crugmore Farm, Penparc, Cardigan",Dyfed,Wales,Wales,220569.00,246960.00,Ceredigion County Council,A130807,,,,,,25/10/2013,,,,,,,24/02/2014,,,,24/02/2017,01/01/2015,25/03/2015,52.091817,-4.6206083
5256,29/06/2015,JBM Solutions,Aberporth Solar Farm,Solar Photovoltaics,1.5,n/a,n/a,n/a,n/a,Ground,Operational,Operational,"Aberporth Solar Farm B4333 Aberporth, Cardigan",Ceredigion,Wales,Wales,224624.00,250331.00,Ceredigion County Council,A140417,,,,,,12/06/2014,,,,,,,24/12/2014,,,,24/12/2017,15/01/2015,24/03/2015,52.123395,-4.5632181
5257,30/09/2015,Kronos Solar,Hoplass Farm,Solar Photovoltaics,10,n/a,n/a,n/a,n/a,Ground,Operational,Operational,"Land at Hoplass Farm, Roscrowther",Pembrokeshire,Wales,Wales,191770.00,201076.00,Pembrokeshire County Council,12/1000/PA,,,,,,06/02/2013,,,,,,,16/04/2014,,,,16/04/2017,01/01/2015,13/03/2015,51.669767,-5.0127113
5270,20/04/2017,TGC Renewables,Land north of Bryn Lane,Solar Photovoltaics,6.4,n/a,n/a,n/a,n/a,Ground,Appeal Granted,Awaiting Construction,"Land North Of, Bryn Lane, Ridley Wood, Holt, Wrexham",Wrexham,Wales,Wales,338726.00,351130.00,Wrexham County Borough Council,P/2015/0397,APP/H6955/A/16/3147773,,,,,27/05/2015,,07/12/2015,06/06/2016,,,13/09/2016,13/09/2016,,,,,,,53.053897,-2.9156068
5271,16/12/2016,Green Switch Solutions - Liquidated,Land South Of Bryn Cyrnau Isaf (resubmission),Solar Photovoltaics,5.9,n/a,n/a,n/a,n/a,Ground,Planning Permission Granted,Awaiting Construction,"Land South Of, Bryn Cyrnau Isaf, Cwmffrwd, Carmarthen",Carmarthenshire,Wales,Wales,242953.00,217478.00,Carmarthenshire County Council,W/31690,,,,,,09/03/2015,,,,,,,09/06/2015,,,,,,,51.833773,-4.2806762
5281,20/04/2017,TGC Renewables,Land south of Francis Land,Solar Photovoltaics,4.6,n/a,n/a,n/a,n/a,Ground,Appeal Granted,Awaiting Construction,"Land South Of, Francis Lane, Holt, Wrexham, Clwyd",Wrexham,Wales,Wales,338997.00,351449.00,Wrexham County Borough Council,P/2015/0396,APP/H6955/A/16/3147767,,,,,27/05/2015,,07/12/2015,06/06/2016,,,13/09/2016,13/09/2016,,,,,,,53.056795,-2.9116248
5289,14/07/2016,Conergy West Sussex ,Biglis Farm,Solar Photovoltaics,5,n/a,n/a,n/a,n/a,Ground,Operational,Operational,"Biglis Farm, Argae Lane, Barry, South Glamorgan",Vale of Glamorgan,Wales,Wales,313916.00,170097.00,Vale of Glamorgan Council,2015/00573/FUL,,,,,,28/05/2015,,,,,,,02/10/2015,,,,02/10/2018,15/01/2016,31/03/2016,51.423321,-3.2394736
5292,24/03/2017,Kronos Solar/ Vogt Solar ,Land At Cwm Bargoed,Solar Photovoltaics,5,n/a,n/a,n/a,n/a,Ground,Operational,Operational,"Land At Cwm Bargoed, West of, Fochriw Road, Cwmbargoed, Merthyr Tydfil, Mid Glamorgan",Merthyr Tydfil,Wales,Wales,309161.00,206091.00,Merthyr Tydfil County Borough Council,P/15/0169,,,,,,01/06/2015,,,,,,,17/09/2015,,,,17/09/2020,25/11/2015,20/01/2016,51.746127,-3.317168
5360,26/05/2017,Lightsource Renewable Energy,Tyddyn Gwyn (Gelli Gron Farm),Solar Photovoltaics,3.8,n/a,n/a,n/a,n/a,Ground,Operational,Operational,"Tyddyn Gwyn, Llangybi, Pwllheli, Gwynedd, Wales",Gwynedd,Wales,Wales,241889.00,340088.00,Gwynedd Council,C15/0755/41/LL,,,,,,23/07/2015,,,,,,,09/11/2015,,,,09/11/2020,01/09/2016,30/11/2016,52.934841,-4.354002
5376,26/05/2016,SBC Renewables,Penycae Solar Farm,Solar Photovoltaics,5,n/a,n/a,n/a,n/a,Ground,Operational,Operational,"Land To East And West Of, Benn, The Grange Plas, Penycae, Wrexham, Clwyd",Wrexham,Wales,Wales,328970.00,344020.00,Wrexham County Borough Council,P/2015/0546,,,,,,15/07/2015,,,,,,,05/10/2015,,,,05/10/2020,28/01/2016,28/03/2016,52.988786,-3.0595653
5379,14/06/2016,Sunventures (Suncredit UK),"Southbrook Solar Farm",Solar Photovoltaics,5,n/a,n/a,n/a,n/a,Ground,Operational,Operational,"Southbrook Farm, Sudbrook Road, Sudbrook, Portskewett, Caldicot, Gwent",Monmouthshire,Wales,Wales,350024.00,187852.00,Monmouthshire County Council,DC/2015/00855,,,,,,13/07/2015,,,,,,,03/12/2015,,,,,15/02/2016,15/05/2016,51.587294,-2.7227404
5381,26/04/2017,Suncredit UK,Upper Pant-Ysgawen Farm/Crumlin,Solar Photovoltaics,4.9,n/a,n/a,n/a,n/a,Ground,Operational,Operational,"Pant-Ysgawen Farm, Pant Ysgawen Farm Lane, Newbridge, Newport, Gwent",Caerphilly,Wales,Wales,320409.00,197637.00,Caerphilly County Borough Council,15/0512/FULL,,,,,,22/07/2015,,,,,,,10/09/2015,,,,10/09/2020,15/02/2016,07/12/2016,51.671845,-3.15235
5382,24/03/2017,Kronos Solar,Land at Lltty Morphil Farm,Solar Photovoltaics,5,n/a,n/a,n/a,n/a,Ground,Appeal Granted,Awaiting Construction,"Llettyr Morfil Farm, , U/S-Y878, Felindre, Swansea, West Glamorgan",Swansea,Wales,Wales,264741.00,201094.00,City and County Council of Swansea,2015/1529,APP/B6855/A/15/3139869,,,,,22/07/2015,,19/11/2015,04/01/2016,,,10/05/2016,10/05/2016,,,,,,,51.692255,-3.9582933
5389,19/08/2016,Novus Solar Developments,Land at Morfa Camp,Solar Photovoltaics,2.8,n/a,n/a,n/a,n/a,Ground,Operational,Operational,"Land at Morfa Camp, Sandilands, Tywyn, Gwynedd",Gwynedd,Wales,Wales,258062.00,301195.00,Gwynedd Council,C15/0662/09/LL,,,,,,01/07/2015,,,,,,,19/10/2015,,,,,05/01/2016,20/03/2016,52.58997,-4.0966918
5398,18/10/2016,Y Felin Ddwr Charitable Trust,Killan Farm Solar Array Extens,Solar Photovoltaics,1,n/a,n/a,n/a,n/a,Ground,Planning Permission Granted,Awaiting Construction,"Killan Fach Farm, Killan Road, Dunvant, Swansea, West Glamorgan",Swansea,Wales,Wales,258483.00,193944.00,City and County Council of Swansea,2015/1209,,,,,,17/07/2015,,,,,,,14/12/2015,,,,14/12/2020,,,51.626465,-4.0458749
5437,25/04/2017,Pearmat Solar,Manmoel Road Solar Park,Solar Photovoltaics,4.1,n/a,n/a,n/a,n/a,Ground,Planning Permission Granted,Awaiting Construction,"Pen-y-Fan Farm, Pen-y-Fan Farm Lane, Manmoel, Blackwood, Gwent",Caerphilly,Wales,Wales,318604.00,201211.00,Caerphilly County Borough Council,15/0433/FULL,,,,,,30/06/2015,,,,,,,05/11/2015,,,,05/11/2020,,,51.703713,-3.1792807
5462,20/02/2017,Green Energy UK Direct,Bryncoch Solar Farm,Solar Photovoltaics,19,n/a,n/a,n/a,n/a,Ground,Planning Permission Granted,Awaiting Construction,"Bryncoch, Ferryside, Dyfed",Carmarthenshire,Wales,Wales,238277.00,210810.00,Carmarthenshire County Council,W/32171,,,,,,15/06/2015,,,,,,,11/09/2015,,,,11/09/2020,,,51.772536,-4.3453674
5477,24/03/2017,Kronos Solar,Cwm Derwyn Farm,Solar Photovoltaics,5,n/a,n/a,n/a,n/a,Ground,Operational,Operational,"Cwm Derwyn Farm, Waycock Road, Barry, South Glamorgan",Vale of Glamorgan,Wales,Wales,308691.00,169396.00,Vale of Glamorgan Council,2015/00632/FUL,,,,,,01/06/2015,,,,,,,04/09/2015,,,,,15/01/2017,17/03/2017,51.416201,-3.3144196
5499,01/04/2016,Vattenfall,Parc Cynog,Solar Photovoltaics,5,n/a,n/a,n/a,n/a,Ground,Operational,Operational,"Parc Cynog, Pendine, Carms",Carmarthenshire,Wales,Wales,225230.00,209760.00,Carmarthenshire County Council,W/32580,,,,,,10/08/2015,,,,,,,10/11/2015,,,,10/11/2018,18/01/2016,24/03/2016,51.759181,-4.5337462
5517,15/02/2017,Power for Wales Inc ,Rhas Fach Farm,Solar Photovoltaics,1.2,n/a,n/a,n/a,n/a,Ground,Planning Permission Granted,Awaiting Construction,"Rhas Fach Farm, Heol Mansant, Pontyates, Llanelli, Dyfed",Carmarthenshire,Wales,Wales,246273.00,208842.00,Carmarthenshire County Council,W/32377,,,,,,22/07/2015,,,,,,,30/09/2015,,,,30/09/2020,,,51.757109,-4.2287015
5523,16/05/2017,North Tenement Solar Farm Limited,North Tenement,Solar Photovoltaics,5,n/a,n/a,n/a,n/a,Ground,Planning Permission Granted,Awaiting Construction,"North Tenement, Dredgeman Hill, Haverfordwest, Dyfed",Pembrokeshire,Wales,Wales,193951.00,212945.00,Pembrokeshire County Council,15/0443/PA,,,,,,22/07/2015,,,,,,,18/05/2016,,,,18/05/2019,,,51.777142,-4.9882415
5524,30/06/2017,Lightsource Renewable Energy ,Cwrt Henllys Farm,Solar Photovoltaics,5,n/a,n/a,n/a,n/a,Ground,Operational,Operational,"Church Farm, Cwm Lane, Henllys, Cwmbran, Gwent",Torfaen,Wales,Wales,325372.00,191949.00,Torfaen County Borough Council,15/P/00434,,,,,,22/07/2015,,,,,,,16/06/2016,,,,,29/10/2016,29/12/2016,51.621394,-3.0793798
5531,26/05/2017,Lightsource Renewable Energy,Land to North West of Lodge Farm (Park Farm),Solar Photovoltaics,4,n/a,n/a,n/a,n/a,Ground,Operational,Operational,"Land To North West Of Lodge Fa, Lodge Hill, Caerleon",Newport,Wales,Wales,331406.00,191683.00,Newport City Council,15/0902,,,,,,23/07/2015,,,,,,,08/02/2016,,,,08/02/2021,05/12/2016,03/03/2017,51.619771,-2.9921826
5540,21/03/2017,Anesco,Nanthenfoel Farms,Solar Photovoltaics,5,n/a,n/a,n/a,n/a,Ground,Operational,Operational,"Land At Nanthenfoel Farm, Creuddyn Bridge, Lampeter",Ceredigion,Wales,Wales,254014.00,252465.00,Ceredigion County Council,A150516,,,,,,27/07/2015,,,,,,,18/11/2015,,,,18/11/2020,30/11/2016,15/03/2017,52.151116,-4.1351761
5548,23/11/2016,SBC Renewables,Corntown Farm,Solar Photovoltaics,3.4,n/a,n/a,n/a,n/a,Ground,Operational,Operational,"Corntown Farm, Corntown, Bridgend, Mid Glamorgan",Vale of Glamorgan,Wales,Wales,293814.00,176736.00,Vale of Glamorgan Council,2015/00859/FUL,,,,,,22/07/2015,,,,,,,20/11/2015,,,,20/11/2020,15/10/2016,15/03/2017,51.479581,-3.5304807
5555,24/10/2016,Associated British Ports,ANP Newport Wind Turbine,Wind Onshore,2.3,n/a,2.3,2,126,n/a,Operational,Operational,"Land To South Of South Dock, Alexandra Docks, And Adjacent to River Usk, East Way Road",Newport,Wales,Wales,332583.00,184564.00,Newport City Council,15/0839,,,,,,24/07/2015,,,,,,,30/09/2015,,,,30/09/2018,31/03/2016,15/08/2016,51.555914,-2.9738147
5560,30/01/2017,Elgin Energy EsCo,Berthlwyd Farm,Solar Photovoltaics,5,n/a,n/a,n/a,n/a,Ground,Under Construction,Under Construction,"Berthlwyd Farm, Maendy Road, Penycoedcae, Pontypridd",Rhondda Cynon Taff,Wales,Wales,307796.00,188016.00,Rhondda Cynon Taff County Borough Council,15/0777/10,,,,,,01/06/2015,,,,,,,17/03/2016,,,,17/03/2021,12/12/2016,,51.583432,-3.3321586
5571,15/02/2017,Power for Wales Inc ,Pistyllgwyn Farm,Solar Photovoltaics,1.5,n/a,n/a,n/a,n/a,Ground,Planning Permission Granted,Awaiting Construction,"Land At Pistyllgwyn, Bronwydd Arms, Carmarthen",Carmarthenshire,Wales,Wales,241250.00,224375.00,Carmarthenshire County Council,W/32460,,,,,,06/08/2015,,,,,,,21/12/2015,,,,21/12/2020,,,51.895251,-4.3085424
5575,24/04/2017,Luminous Energy,Llwyndyrys Farm,Solar Photovoltaics,5,n/a,n/a,n/a,n/a,Ground,Planning Permission Granted,Awaiting Construction,"Llwyndyrys Farm, Y Ffor, Pwllheli",Gwynedd,Wales,Wales,238824.00,340269.00,Gwynedd Council,C15/0810/40/LL,,,,,,10/08/2015,,,,,,,09/11/2015,,,,09/11/2020,,,52.935554,-4.3996533
5593,18/11/2016,Suncredit UK,Carn Nicholas Farm,Solar Photovoltaics,5,n/a,n/a,n/a,n/a,Ground,Planning Permission Granted,Awaiting Construction,"Land At Carn Nicholas Farm, Bonymaen, Swansea",Swansea,Wales,Wales,267843.00,194294.00,City and County Council of Swansea,2015/1546,,,,,,10/08/2015,,,,,,,14/12/2015,,,,14/12/2020,,,51.631888,-3.9108682
5598,05/07/2017,Wind Power Wales,Brenig Wind Farm (Resubmission),Wind Onshore,37.6,n/a,3,16,110,n/a,Appeal Granted,Awaiting Construction,"Land east of Llyn Brenig, Nantglyn, Denbigh, Clwyd",Denbighshire,Wales,Wales,299481.00,357920.00,Denbighshire County Council,25/2015/0636,APP/R6830/A/15/3141249,,,,,18/06/2015,,19/11/2015,27/01/2016,,,18/05/2016,18/05/2016,,,,,,,53.108965,-3.5030562
5605,24/10/2016,Associated British Ports (ABP),Port of Barry (Resubmission) - Site 2,Solar Photovoltaics,5,n/a,n/a,n/a,n/a,Ground,Operational,Operational,"Atlantic Way, Port of Barry, Barry",Vale of Glamorgan,Wales,Wales,312836.00,167102.00,Vale of Glamorgan Council,2015/00173/FUL,,,,,,18/02/2013,,,,,,,15/04/2015,,,,15/04/2020,15/01/2015,16/04/2015,51.396233,-3.2542654
5675,21/11/2016,Caledon Partners (Solar Power Parks),Castell Ddu Solar Farm,Solar Photovoltaics,5,n/a,n/a,n/a,n/a,Ground,Planning Permission Granted,Awaiting Construction,"Land associated with Castell D, Castell Ddu Road, Pontarddulais",Swansea,Wales,Wales,259871.00,201517.00,City and County Council of Swansea,2015/1786,,,,,,09/09/2015,,,,,,,14/01/2016,,,,14/01/2019,,,51.694861,-4.0288745
5730,17/05/2017,Earthworm,Maesygarn,Solar Photovoltaics,10,n/a,n/a,n/a,n/a,Ground,Planning Permission Granted,Awaiting Construction,"Maesygarn, Gorsgoch, Llanybydder, Dyfed",Ceredigion,Wales,Wales,247811.00,249371.00,Ceredigion County Council,A150539,,,,,,12/08/2015,,,,,,,16/08/2016,,,,16/08/2021,,,52.121645,-4.2243821
5747,24/03/2017,Langdon Enterprises,Langdon Mill,Anaerobic Digestion,1,Yes,n/a,n/a,n/a,n/a,Under Construction,Under Construction,"Langdon Mill, Begelly, Kilgetty, Dyfed",Pembrokeshire,Wales,Wales,208580.00,207612.00,Pembrokeshire County Council,15/0421/PA,,,,,,03/08/2015,,,,,,,11/12/2015,,,,11/12/2020,01/03/2017,,51.734446,-4.7735235
5788,05/11/2015,Ystalyfera Wind Energy,Varteg Hill,Wind Onshore,3,n/a,3,4,115,n/a,Planning Application Submitted,Application Submitted,"Varteg Wind Farm, Land South Of, Ystalyfera, Swansea",Neath Port Talbot,Wales,Wales,277400.00,207500.00,Neath Port Talbot County Borough Council,P2015/0859,,,,,,17/09/2015,,,,,,,,,,,,,,51.752734,-3.7775028
5802,27/06/2017,Vortex (formerly SunEdison),Cefn Cae For,Solar Photovoltaics,5,n/a,n/a,n/a,n/a,Ground,Planning Permission Granted,Awaiting Construction,"Cefn Caer For, Gwalchmai, Holyhead",Isle of Anglesey,Wales,Wales,239589.00,374868.00,Isle of Anglesey County Council,48C160C/RE,,,,,,27/09/2015,,,,,,,11/02/2016,,,,,,,53.246523,-4.4055595
5805,18/04/2017,Perpetum Sun,Magor Brewery,Solar Photovoltaics,1.7,n/a,n/a,n/a,n/a,Roof,Planning Permission Granted,Awaiting Construction,"Magor Brewery, Newport Road, Magor, Caldicot",Monmouthshire,Wales,Wales,341574.00,187703.00,Monmouthshire County Council,DC/2015/01158,,,,,,28/09/2015,,,,,,,30/10/2015,,,,30/10/2020,,,51.585139,-2.8446682
5817,19/05/2017,West Coast Energy,Land South of Ystalyfera,Wind Onshore,12,n/a,3,4,115,n/a,Planning Application Submitted,Application Submitted,"Varteg Hill Land South of, Neath",Powys,Wales,Wales,277400.00,207500.00,Powys County Council,P/2015/0803,,,,,,17/09/2015,,,,,,,,,,,,,,51.752734,-3.7775028
5866,27/02/2017,Eco Energy World,Newport (Began Road),Solar Photovoltaics,4.9,n/a,n/a,n/a,n/a,Ground,Operational,Operational,"Fairwater Farm, Michaelston-y-Fedw",Newport,Wales,Wales,323807.00,184116.00,Newport City Council,14/0337,,,,,,03/04/2014,,,,,,,22/10/2015,,,,22/10/2020,14/12/2015,14/02/2016,51.550768,-3.1002786
5871,21/03/2017,Big 60 Million,Nanhoron Estate,Solar Photovoltaics,5,n/a,n/a,n/a,n/a,Ground,Planning Permission Granted,Awaiting Construction,"Nanhoron Estate, Botwnnog, Pwllheli, Gwynedd, Wales",Gwynedd,Wales,Wales,226439.00,330997.00,Gwynedd Council,C15/0793/32/LL,,,,,,23/11/2015,,,,,,,30/11/2016,,,,30/11/2021,,,52.848428,-4.5787879
5897,21/11/2016,Solar Park Developments,Morfa Ynys Farmlands,Solar Photovoltaics,3,n/a,n/a,n/a,n/a,Ground,Planning Permission Granted,Awaiting Construction,"Land At Morfa Ynys Farmlands, Morfa, Llanelli, Dyfed, Wales",Carmarthenshire,Wales,Wales,252332.00,198930.00,Carmarthenshire County Council,S/32892,,,,,,30/10/2015,,,,,,,03/05/2016,,,,03/05/2021,,,51.669683,-4.1367787
5900,17/05/2017,Earthworm,Celyn Farm,Solar Photovoltaics,5,n/a,n/a,n/a,n/a,Ground,Planning Permission Granted,Awaiting Construction,"Celyn Farm Stryt-Cae-Rhedyn, Leeswood, Mold, Clwyd, Wales",Flintshire,Wales,Wales,325713.00,360456.00,Flintshire County Council,54041,,,,,,29/10/2015,,,,,,,02/08/2016,,,,,,,53.13606,-3.1118726
5917,14/06/2016,Short Bros Homes,Dura Park Bynea Industrial Site,Solar Photovoltaics,1.4,n/a,n/a,n/a,n/a,Roof,Operational,Operational,"Former Bowdens Site, Yspitty Road, Dura Industrial Park, Llanelli, Dyfed, Wales",Carmarthenshire,Wales,Wales,255583.00,198601.00,Carmarthenshire County Council,S/32873,,,,,,22/10/2015,,,,,,,15/12/2015,,,,15/12/2018,01/09/2015,21/12/2015,51.667572,-4.089665
5923,17/05/2017,Earthworm,Land at Borras Hall,Solar Photovoltaics,10,n/a,n/a,n/a,n/a,Ground,Planning Permission Granted,Awaiting Construction,"Land T The West And North Of, Borras Hall Lane, Llan-y-Pwll, Wrexham, Clwyd, Wales",Wrexham,Wales,Wales,336822.00,353033.00,Wrexham County Borough Council,P/2015/0777,,,,,,28/10/2015,,,,,,,11/03/2016,,,,11/03/2021,,,53.070779,-2.9443828
6013,16/06/2017,Cenin Renewables,"Parc Stormy, Stormy Down",Wind Onshore,2.5,n/a,2.5,1,125,n/a,Planning Permission Granted,Awaiting Construction,"Land At Parc Stormy, Stormy Down, Pyle, Bridgend",Mid Glamorgan,Wales,Wales,284119.00,180079.00,Bridgend County Borough Council,P/15/868/FUL,,,,,,04/01/2016,,,,,,,18/08/2016,,,,18/08/2021,,,51.507722,-3.6711273
6015,25/07/2016,Haymaker Energy,Kinmel 2 CIC,Solar Photovoltaics,5,n/a,n/a,n/a,n/a,Ground,Operational,Operational,"Land immediately north of A547, Rhuddlan Road, Towyn, Conwy",Gwynedd,Wales,Wales,298420.00,377733.00,Conwy County Borough Council,0/40999,,,,,,27/08/2014,,,,,,,11/03/2015,,,,11/03/2020,21/03/2016,27/06/2016,53.286798,-3.5252087
6016,21/06/2016,Volac,Felinfach,Biomass (dedicated),3.2,Yes,n/a,n/a,n/a,n/a,Operational,Operational,"Volac International Ltd, Felinfach, Lampeter",Ceredigion,Wales,Wales,251860.00,257661.00,Ceredigion County Council,A131001,,,,,,22/01/2014,,,,,,,29/05/2014,,,,29/05/2017,15/03/2015,15/03/2016,52.197223,-4.1689056
6033,16/06/2017,Clean Earth Energy,Bodtegir,Wind Onshore,1.5,n/a,1.5,1,100,n/a,Planning Permission Granted,Awaiting Construction,"Land at Bodtegir, part of the, Mwdwl Eithin, Nant Bach Wind Farm On Land At, Corwen",Clwyd,Wales,Wales,299554.00,347741.00,Conwy County Borough Council,0/42466,,,,,,12/02/2016,,,,,,,20/04/2016,,,,20/04/2021,,,53.017511,-3.4987867
6035,18/11/2016,Suncredit UK (Sunventures 7) ,Caergarw Farm,Solar Photovoltaics,3.8,n/a,n/a,n/a,n/a,Ground,Planning Permission Granted,Awaiting Construction,"Land at Caegarw Farm, Margam, Pyle, Bridgend",Mid Glamorgan,Wales,Wales,282219.00,183728.00,Neath Port Talbot County Borough Council,P2015/0692,,,,,,23/11/2015,,,,,,,17/05/2016,,,,17/05/2019,,,51.540124,-3.6997127
6053,16/12/2016,Belvedere Energy Developments,Pant Cefn Farm,Solar Photovoltaics,2.9,n/a,n/a,n/a,n/a,Ground,Planning Permission Granted,Awaiting Construction,"Pantcefn Farm, Llanarth, Dyfed",Ceredigion,Wales,Wales,243298.00,257835.00,Ceredigion County Council,A150537,,,,,,09/10/2015,,,,,,,01/07/2016,,,,01/07/2021,,,52.196417,-4.2941538
6064,19/05/2017,Green Plan Energy/ Equitix ,Land at Bryn Lane ,Biomass (dedicated),5.4,No,n/a,n/a,n/a,n/a,Planning Permission Granted,Awaiting Construction,"Land at Bryn Lane, Wrexham Industrial Estate, Wreham",Wrexham,Wales,Wales,338821.00,350498.00,Wrexham County Borough Council,P/2010/0642,,,,,,02/09/2010,,,,,,,09/07/2015,,,,09/07/2020,,,53.048227,-2.9140695
6071,01/09/2016,Countryside Renewables,Rhyd y Groes,Solar Photovoltaics,49.9,n/a,n/a,n/a,n/a,Ground,Planning Application Submitted,Application Submitted,"Llanbadrig, Cemaes Bay, Gwynedd",Isle of Anglesey,Wales,Wales,239215.00,392601.00,Isle of Anglesey County Council,20C102P/EIA/RE,,,,,,01/03/2016,,,,,,,,,,,,,,53.405664,-4.4201605
6079,27/04/2017,Infinite Renewables,West of Rhiwfelin Fach Farm,Wind Onshore,1.5,n/a,1.5,1,116,n/a,Planning Permission Granted,Awaiting Construction,"Land to the West of, Rhiwfelin Fach Farm, Llantrisant, Heol Sticil-Y-Beddau, Pontyclun",Mid Glamorgan,Wales,Wales,303640.00,185362.00,Rhondda Cynon Taff County Borough Council,16/0124/10,,,,,,08/02/2016,,,,,,,19/07/2016,,,,19/07/2019,,,51.55888,-3.391394
6089,25/08/2016,SIMEC Group,Uskmouth Power Station ,Biomass (co-firing),18,Yes,n/a,n/a,n/a,n/a,Operational,Operational,"West Nash Road, Nash, Newport, Gwent ",Newport,Wales,Wales,334280.00,183720.00,DECC (S36),,,,,,,,,,,,,,,,,,,01/01/2015,01/03/2015,51.548527,-2.949183
6108,19/04/2017,3C Renewable Energy Investments/Conergy(?),Popehill Farm,Solar Photovoltaics,5,n/a,n/a,n/a,n/a,Ground,Planning Permission Granted,Awaiting Construction,"Land East of A4076(T), Popehill, Johnston, Haverfordwest, Dyfed",Pembrokeshire,Wales,Wales,193972.00,212565.00,Pembrokeshire County Council,15/0443/PA,,,,,,08/10/2015,,,,,,,18/05/2016,,,,,,,51.773738,-4.987712
6160,30/06/2016,Cenin Renewables,Llwyncelyn Farm,Wind Onshore,5,n/a,2.5,2,125,n/a,Planning Application Submitted,Application Submitted,"Llwyncelyn Farm, Haford Lane, Porth",Rhondda Cynon Taff,Wales,Wales,303627.00,192833.00,Rhondda Cynon Taff County Borough Council,15/1635/10,,,,,,23/12/2015,,,,,,,,,,,,,,51.626032,-3.3936357
6172,28/07/2016,Solar Ventures,Williams Farm,Solar Photovoltaics,5,,n/a,n/a,n/a,Ground,Operational,Operational,"Williams Farm, Maelor Gas Works, Marchwiel, Wrexham",Wrexham,Wales,Wales,338309.00,348363.00,Wrexham County Borough Council,P/2015/0463,,,,,,26/06/2015,,,,,,,21/12/2015,,,,,01/02/2016,31/03/2016,53.028979,-2.9212967
6184,22/06/2017,SIMEC/ Liberty House,Liberty Steel Power Station,Biomass (dedicated),9,,n/a,n/a,n/a,n/a,Under Construction,Under Construction,"Liberty Steel, Corporation Road, Newport",Newport,Wales,Wales,333374.00,185135.00,Newport City Council,16/0096,,,,,,01/02/2016,,,,,,,03/03/2016,,,,,04/03/2016,,51.561141,-2.9625155
6185,03/08/2016,SIMEC,Uskmouth Power Station (ACT Plant),Advanced Conversion Technologies,8,,n/a,n/a,n/a,n/a,Planning Permission Granted,Awaiting Construction,"Uskmouth Power Station, West Nash Road, Nash, Newport",Newport,Wales,Wales,333031.00,183925.00,Newport City Council,16/0257,,,,,,21/03/2016,,,,,,,20/04/2016,,,,,,,51.550223,-2.9672319
6228,25/04/2017,Newbridge Energy ,Blazer Fuels ,Biomass (dedicated),3,Yes,n/a,n/a,n/a,n/a,Under Construction,Under Construction,"Blazers Fuels, Brickfield Lane, Off Denbigh Road, Ruthin, Denbighshire",Denbighshire,Wales,Wales,311558.00,359049.00,Denbighshire County Council,02/2015/1095,,,,,,02/11/2015,,,,,,,22/12/2015,,,,,01/01/2016,,53.121252,-3.3230117
6335,21/06/2017,Pennant Walters (MAESX),Maesgwyn Wind Farm - extension (Phase 2),Wind Onshore,7,n/a,2.3,3,,n/a,Planning Permission Granted,Awaiting Construction,Maesgwyn Wind Farm Between Onllwyn & Glynneath,Neath Port Talbot,Wales,Wales,286568.00,205930.00,Neath Port Talbot County Borough Council,P2014/0733,,,,,,15/08/2014,,,,,,,17/12/2015,,,,17/12/2020,,,51.740558,-3.6442352
6366,04/04/2017,Hydro Electric Development,Ystradffin Hydropower Project,Small Hydro,,n/a,n/a,n/a,n/a,n/a,Planning Application Submitted,Application Submitted,"Ystradffin Hydropower Project, Rhandirmwyn, Llandovery, Dyfed",Carmarthenshire,Wales,Wales,277600.00,245890.00,Carmarthenshire County Council,E/34887,,,,,,21/12/2016,,,,,,,,,,,,,,52.097768,-3.7882706
6369,04/04/2017,INRG,Rosedew Farm,Solar Photovoltaics,5,n/a,n/a,n/a,n/a,Ground,Operational,Operational,"Land at Rosedew Farm, Beach Road, Llantwit Major",Vale of Glamorgan,Wales,Wales,297779.00,167534.00,Vale of Glamorgan Council,2015/00218/FUL,,,,,,02/03/2015,,,,,,,03/08/2015,,,,,29/01/2016,29/03/2016,51.3976,-3.4707452
6378,05/07/2017,Sirius Group,Former Nant-y-Gwyddon Landfill Site,Wind Onshore,1.5,n/a,1.5,1,122,n/a,Planning Application Submitted,Application Submitted,"Land adj. to former Nant-Y-Gwy, Landfill site, Pentre, Mid Glamorgan",Rhondda Cynon Taff,Wales,Wales,297766.00,193866.00,Rhondda Cynon Taff County Borough Council,17/0321/10,,,,,,17/03/2017,,,,,,,,,,,,,,51.634281,-3.4785782
6420,29/06/2017,Solar Energy Farm ,Court Colman,Solar Photovoltaics,1,n/a,n/a,n/a,n/a,Ground,Planning Application Submitted,Application Submitted,"Land south/west of Longacre, Court Colman, Bridgend, Mid Glamorgan",Bridgend,Wales,Wales,288235.00,182822.00,Bridgend County Borough Council,P/17/423/FUL,,,,,,16/05/2017,,,,,,,,,,,,,,51.533206,-3.6127163
6422,29/06/2017,Cleanearth ,Graig Fatha Farm,Wind Onshore,2.5,no,2.5,1,126,n/a,Planning Application Submitted,Application Submitted,"Land at Graig Fatha Farm, Tonyrefail, Porth, Mid Glamorgan",Rhondda Cynon Taff,Wales,Wales,301279.00,185404.00,Rhondda Cynon Taff County Borough Council,17/0493/10,,,,,,02/05/2017,,,,,,,,,,,,,,51.558849,-3.4254521
